-- phpMyAdmin SQL Dump
-- version 5.2.1
-- https://www.phpmyadmin.net/
--
-- Hôte : 127.0.0.1
-- Généré le : ven. 17 nov. 2023 à 17:43
-- Version du serveur : 10.4.28-MariaDB
-- Version de PHP : 8.2.4

SET SQL_MODE = "NO_AUTO_VALUE_ON_ZERO";
START TRANSACTION;
SET time_zone = "+00:00";


/*!40101 SET @OLD_CHARACTER_SET_CLIENT=@@CHARACTER_SET_CLIENT */;
/*!40101 SET @OLD_CHARACTER_SET_RESULTS=@@CHARACTER_SET_RESULTS */;
/*!40101 SET @OLD_COLLATION_CONNECTION=@@COLLATION_CONNECTION */;
/*!40101 SET NAMES utf8mb4 */;

--
-- Base de données : `sps`
--

-- --------------------------------------------------------

--
-- Structure de la table `agence`
--

CREATE TABLE `agence` (
  `Id_agence` int(11) NOT NULL,
  `Nom` longtext NOT NULL,
  `Id_Entreprise` int(11) DEFAULT NULL,
  `Nom_Chantier` varchar(100) DEFAULT NULL
) ENGINE=InnoDB DEFAULT CHARSET=utf8mb4 COLLATE=utf8mb4_general_ci;

--
-- Déchargement des données de la table `agence`
--

INSERT INTO `agence` (`Id_agence`, `Nom`, `Id_Entreprise`, `Nom_Chantier`) VALUES
(1, 'ARTELIA – Agence de Bordeaux', NULL, NULL),
(2, 'ARTELIA – Agence de Nantes', NULL, NULL),
(3, 'ARTELIA – Agence Vendée', NULL, NULL);

-- --------------------------------------------------------

--
-- Structure de la table `chantiers`
--

CREATE TABLE `chantiers` (
  `id` int(11) NOT NULL,
  `description` text DEFAULT NULL,
  `maitreOuvrage` varchar(255) DEFAULT NULL,
  `maitreOeuvre` varchar(255) DEFAULT NULL,
  `coordonnateurSPS` varchar(255) DEFAULT NULL
) ENGINE=InnoDB DEFAULT CHARSET=utf8mb4 COLLATE=utf8mb4_general_ci;

--
-- Déchargement des données de la table `chantiers`
--

INSERT INTO `chantiers` (`id`, `description`, `maitreOuvrage`, `maitreOeuvre`, `coordonnateurSPS`) VALUES
(200, 'banane', 'Eau17', 'banane', 'Gaël MONGARS'),
(201, 'patate', 'Eau17', 'patate', 'Gaël MONGARS'),
(202, 'fraise', 'Eau17', 'fraise', 'Gaël MONGARS'),
(203, 'fraise', 'Eau17', 'fraise', 'Gaël MONGARS'),
(204, 'fraise', 'Eau17', 'fraise', 'Gaël MONGARS'),
(205, 'fraise', 'Eau17', 'fraise', 'Gaël MONGARS'),
(206, 'fraise', 'Eau17', 'fraise', 'Gaël MONGARS'),
(207, 'thomas', 'Eau17', 'thomas', 'Gaël MONGARS'),
(208, 'thomas2', 'Eau17', 'thomas2', 'Gaël MONGARS'),
(209, 'thomas2', 'Eau17', 'thomas2', 'Gaël MONGARS'),
(210, 'thomas2', 'Eau17', 'thomas2', 'Gaël MONGARS'),
(211, 'thomas2', 'Eau17', 'thomas2', 'Gaël MONGARS'),
(212, 'thomas2', 'Eau17', 'thomas2', 'Gaël MONGARS'),
(213, 'thomas2', 'Eau17', 'thomas2', 'Gaël MONGARS'),
(214, 'thomas2', 'Eau17', 'thomas2', 'Gaël MONGARS'),
(215, 'thomas2', 'Eau17', 'thomas2', 'Gaël MONGARS'),
(216, 'thomas2', 'Eau17', 'thomas2', 'Gaël MONGARS'),
(217, 'thomas2', 'Eau17', 'thomas2', 'Gaël MONGARS'),
(218, 'thomas2', 'Eau17', 'thomas2', 'Gaël MONGARS'),
(219, 'thomas2', 'Eau17', 'thomas2', 'Gaël MONGARS'),
(220, 'thomas2', 'Eau17', 'thomas2', 'Gaël MONGARS'),
(221, 'thomas2', 'Eau17', 'thomas2', 'Gaël MONGARS'),
(222, 'thomas2', 'Eau17', 'thomas2', 'Gaël MONGARS'),
(223, 'thomas2', 'Eau17', 'thomas2', 'Gaël MONGARS');

-- --------------------------------------------------------

--
-- Structure de la table `entreprise`
--

CREATE TABLE `entreprise` (
  `Id_entreprise` int(11) NOT NULL,
  `Nom` mediumtext NOT NULL,
  `Nom_Chantier` varchar(1000) DEFAULT NULL
) ENGINE=InnoDB DEFAULT CHARSET=utf8mb4 COLLATE=utf8mb4_general_ci;

--
-- Déchargement des données de la table `entreprise`
--

INSERT INTO `entreprise` (`Id_entreprise`, `Nom`, `Nom_Chantier`) VALUES
(1, 'ADUCIA', 'Equipement'),
(2, 'AEIC', 'Equipements'),
(3, 'AIREPUR INDUSTRIES ', 'Equipements'),
(4, 'AKITEN', 'Equipements'),
(5, 'ALLEZ et Cie', 'Equipements'),
(6, 'ALLIANCE PAYSAGE', 'STEP'),
(7, 'ALM ALLAIN', 'Gros-Œuvre'),
(8, 'AQUITAINE GEOMENBRANE', 'STEP'),
(9, 'ARBRE CONSTRUCTION', 'STEP'),
(10, 'AREHA', 'Canalisations'),
(11, 'ART ET DECORATION DES PARCS ET JARDINS', 'STEP'),
(12, 'ATEC Réhabilitation', 'Canalisations'),
(13, 'ATH', 'Poste de refoulement'),
(14, 'ATLANTIQUE REHABILITATION', 'Canalisations'),
(15, 'BILLARD SAS', 'STEP'),
(16, 'BIRON', 'Divers'),
(17, 'BONNEAU ASSAINISSEMENT', NULL),
(18, 'BONNET', 'Divers'),
(19, 'BORDET', 'Canalisations'),
(20, 'BOUQUET', 'Divers'),
(21, 'BREIZH FORAGE', 'Canalisations'),
(22, 'BRUNET DROUILLAC', 'Divers'),
(23, 'CAPRARO', 'Canalisations'),
(24, 'CER', 'Canalisations'),
(25, 'CHANTIERS D’AQUITAINE', 'Canalisations'),
(26, 'CHANTIERS MODERNES', 'Gros-Œuvre'),
(27, 'CHATEL ETANCHEITE', 'Divers'),
(28, 'CODA GC', 'Génie-Civil'),
(29, 'CODA TP', 'Canalisations'),
(30, 'COLAS - Sud Ouest', 'Canalisations'),
(31, 'COLAS - Fonteneau', 'Canalisations'),
(32, 'CPB', 'Poste de refoulement'),
(33, 'DAVID-SCREG', 'Canalisations'),
(34, 'D.D.M.H (Désamiantage-Dépollution-Manutention-Hervé)', 'Divers'),
(35, 'D.T.S. (Dribault Travaux Spéciaux)', 'Divers'),
(36, 'DUBREUILH', 'Canalisations'),
(37, 'DUFOUR FRERES', 'Canalisations'),
(38, 'DUPRE', 'Divers'),
(39, 'EGDC', 'Génie-Civil'),
(40, 'EPUR NATURE - Agence Sud-Ouest', 'STEP'),
(41, 'EPUR-OUEST', 'STEP'),
(42, 'ERCTP', 'Canalisations STEP'),
(43, 'EUROVIA Poitou-Charentes Dompierre', 'Canalisations'),
(44, 'EUROVIA Poitou-Charentes Limousin', 'Canalisations'),
(45, 'ETM', 'Divers'),
(46, 'FOURNIE', 'Poste de refoulement'),
(47, 'G2C', 'Divers'),
(48, 'GEOFFRIAUD', 'Divers'),
(49, 'HES (Hydro Europe Service)', 'Equipements'),
(50, 'HYDREL', 'Equipements'),
(51, 'HYDROCONCEPT ', 'Equipements'),
(52, 'INEO Réseaux Centre Ouest Aigrefeuille', NULL),
(53, 'INEO - AQUITAINE', 'Canalisations'),
(54, 'INEO Réseaux Centre Ouest ', 'Canalisations'),
(55, 'ITECOM', 'Divers'),
(56, 'LANGER FORAGE', 'Canalisations'),
(57, 'LAPEYRE Jean-François (SARL)', 'Divers'),
(58, 'LAURIERE ET FILS', 'Canalisations'),
(59, 'MCM', 'Divers'),
(60, 'MENUISERIE SAINTAISE - Hillairet & fils', 'Divers'),
(61, 'MSE', NULL),
(62, 'METAL PROCESS 33', 'STEP'),
(63, 'MICHAUD TP', 'Canalisations'),
(64, 'MOUILLERON SARL', 'Divers'),
(65, 'NANTAISE DES EAUX INGENIERIE', 'Génie-Civil'),
(66, 'OLIVIER SARL', 'Divers'),
(67, 'OTV', 'Equipements'),
(68, 'POSEO', 'Poste de refoulement'),
(69, 'PROU Cyril', 'Equipements'),
(70, 'PVE', 'Equipements'),
(71, 'RE Travaux Publics ', 'STEP'),
(72, 'REHACANA - Agence Ouest', 'Canalisations'),
(73, 'RENOU GUIMARD', 'Divers'),
(74, 'RENOU REDONDEAU', 'Divers'),
(75, 'RESINA (Siège)', NULL),
(76, 'RESINA (Sud-ouest)', 'Divers'),
(77, 'RIJOL', 'Génie-Civil'),
(78, 'ROBINET', 'Canalisations'),
(79, 'ROTURIER SAS', 'Génie-Civil'),
(80, 'SADE ASNIERES SUR NOUERE', 'Equipements'),
(81, 'SADE', 'Canalisations'),
(82, 'SADE POITIERS', 'STEP'),
(83, 'SARC', 'Canalisations'),
(84, 'SARC – agence du 17', 'Canalisations'),
(85, 'SAUR (CER) SAINT GEORGES D’OLERON', 'Canalisations'),
(86, 'SAUR (CER) VAUX SUR MER', 'Canalisations'),
(87, 'SAUR', NULL),
(88, 'SAUR - Centre Atlantique (secteur Aunis/Ré)', NULL),
(89, 'SAUR Sud-Ouest', NULL),
(90, 'SCAM TP', 'Canalisations'),
(91, 'SCOTPA Agence de SAINTES', 'Divers'),
(92, 'SEC TP', 'Canalisations Divers'),
(93, 'SMBA VIGIER', NULL),
(94, 'SMDT', 'Divers'),
(95, 'SNATP', 'Canalisations'),
(96, 'SPECIAL TEXTILE ', 'Divers'),
(97, 'SOBECAMAT', 'Divers'),
(98, 'SOC', 'Canalisations'),
(99, 'SODAF', 'STEP'),
(100, 'SOGEA Atlantique Hydraulique', 'Canalisations STEP'),
(101, 'SOGEA – Agence SNATP', NULL),
(102, 'SOPREMA SA', 'Divers'),
(103, 'STEREAU', 'Equipements'),
(104, 'STPA', 'Divers'),
(105, 'STS (Société de Travaux Souterrains)', 'Canalisations'),
(106, 'TARDY', 'STEP'),
(107, 'TEMSOL', 'STEP'),
(108, 'TETIS Sarl', 'Divers'),
(109, 'TMJ', 'Divers'),
(110, 'TTPI', 'Divers'),
(111, 'VENDEE-EPURATION', 'STEP'),
(112, 'VEOLIA', 'Equipements STEP'),
(113, 'VIGIER GC Environnement', 'Génie-Civil'),
(114, 'VIGIER TECHNI COMPOSITE', 'STEP');

-- --------------------------------------------------------

--
-- Structure de la table `interventions`
--

CREATE TABLE `interventions` (
  `Nom` varchar(100) DEFAULT NULL
) ENGINE=InnoDB DEFAULT CHARSET=utf8mb4 COLLATE=utf8mb4_general_ci;

--
-- Déchargement des données de la table `interventions`
--

INSERT INTO `interventions` (`Nom`) VALUES
('Travaux proche engins (terrassement, levage)'),
('Travaux de levage par engins (grue fixe ou mobile)'),
('Manutention avec utilisation d’outillage portatif'),
('Exposition aux poussières de silice'),
('Travaux en espace confiné'),
('Travaux en hauteur'),
('Travaux en tranchée < 1,30 m (chute, ensevelissement)'),
('Travaux en tranchée > 1,30 m (chute, ensevelissement)'),
('Électrisation, rupture de réseaux sensibles (HTA, BT, GAZ, …)'),
('Travaux électriques'),
('Retrait de matériaux contenant de l’amiante'),
('Intervention sur matériaux contenant de l’amiante');

-- --------------------------------------------------------

--
-- Structure de la table `isdd`
--

CREATE TABLE `isdd` (
  `Nom` longtext DEFAULT NULL
) ENGINE=InnoDB DEFAULT CHARSET=utf8mb4 COLLATE=utf8mb4_general_ci;

--
-- Déchargement des données de la table `isdd`
--

INSERT INTO `isdd` (`Nom`) VALUES
('Travaux proche engins (terrassement, levage)'),
('Travaux de levage par engins (grue fixe ou mobile)'),
('Manutention avec utilisation d’outillage portatif'),
('Exposition aux poussières de silice'),
('Travaux en espace confiné'),
('Travaux en hauteur'),
('Travaux en tranchée < 1,30 m (chute, ensevelissement)'),
('Travaux en tranchée > 1,30 m (chute, ensevelissement)'),
('Électrisation, rupture de réseaux sensibles (HTA, BT, GAZ, …)'),
('Travaux électriques'),
('Retrait de matériaux contenant de l’amiante'),
('Intervention sur matériaux contenant de l’amiante');

-- --------------------------------------------------------

--
-- Structure de la table `lot`
--

CREATE TABLE `lot` (
  `Nom` varchar(100) DEFAULT NULL
) ENGINE=InnoDB DEFAULT CHARSET=utf8mb4 COLLATE=utf8mb4_general_ci;

--
-- Déchargement des données de la table `lot`
--

INSERT INTO `lot` (`Nom`) VALUES
('Canalisations'),
('poste de refoulement'),
('STEP'),
('Génie-Civil'),
('Gros-Oeuvre'),
('Divers');

-- --------------------------------------------------------

--
-- Structure de la table `observations`
--

CREATE TABLE `observations` (
  `observation_id` int(11) NOT NULL,
  `chantier_id` int(11) DEFAULT NULL,
  `texte` text DEFAULT NULL,
  `photo` longblob DEFAULT NULL,
  `entreprise` varchar(255) DEFAULT NULL,
  `effectif` varchar(255) DEFAULT NULL,
  `observation_number` varchar(255) DEFAULT NULL,
  `date` date DEFAULT NULL,
  `heure` time DEFAULT NULL,
  `typeVisite` enum('reunion','visiteInopinee','autre') DEFAULT NULL,
  `autreDescription` varchar(255) DEFAULT NULL
) ENGINE=InnoDB DEFAULT CHARSET=utf8mb4 COLLATE=utf8mb4_general_ci;

--
-- Déchargement des données de la table `observations`
--

INSERT INTO `observations` (`observation_id`, `chantier_id`, `texte`, `photo`, `entreprise`, `effectif`, `observation_number`, `date`, `heure`, `typeVisite`, `autreDescription`) VALUES
(192, 200, 'banane', 0x89504e470d0a1a0a0000000d494844520000013a0000010208060000006e6b1b9c000000017352474200aece1ce90000000467414d410000b18f0bfc6105000000097048597300000ec300000ec301c76fa86400001eba49444154785eed9d09705d55fdc77fd9932ee99aaee94677ca52a06591ad54a003450a0a7f36471c1c75c64191c1196750661c1494615c503651414545594406b482420ba5b47481d2d2bda5745fd2a4cdd2244d9be47f3fbfdc0bb1d326ef95972e87ef677227efdd7bee39e7def7cee7fdce5dcecd6a8e3021840898ecf8bf104204cb27161d0161320921c4b148da5dd7bd7bf7dacc99336de5ca9576ce39e7d8d8b163ede5975fb6fdfbf7db75d75d17a76a9bc6c646abacacb4e2e262cbcdcdb5a6a626dbb469932d58b0c09717151579be43870ef5f799823ad6d7d75b5e5e9e151414c4738510a193f38388f8754a3cf2c823f6f4d34f5bbf7efdecf1c71fb7debd7bdbc2850b6dddba753661c2049716224188bb77efb67dfbf6f9fb9a9a1a97cc9e3d7b6cc78e1d76c71d77b8ccfaf6edebe29b356b96dd7ffffd969f9fef12ecd5ab9775eddad52345f262e275555595d5d5d5799e405ae6b11e65575454f87fca619da4ccacac2cafe39ffef4277f3f64c810cbc9c9f13c84106193764477c30d37d89a356bece73fffb90b6bf4e8d1f6c4134f78543766cc181b3972a45d79e595f6d65b6ff94474f695af7cc5de78e30d5bb468910b9248eed1471fb58b2fbed89e7df6599721f244740f3cf0801516167ac43563c60c97607676b60d1c38d0366cd8e0511fe96fbae926975db2feb061c3ece69b6fb6db6ebbcdcb18356a94ad5fbfdecacbcbbdde13274ef47c1f7ef8613bfdf4d3edfbdfffbe8d1b37ce970921c226ed6374dff8c637ac7bf7ee46204874b76ddb36ef7e9e78e2893669d2245bbc78b13df3cc33367ffe7c9b3c79b2cbe8d5575f756975e9d2c5aebaea2abbecb2cb5c3a483301dfd27d45a04f3ef9a447639d3b77b6c71e7bccf3aaadadb577df7dd7a3c62f7ef18bd6a3470f97d6dab56b5d8ad405f1bef9e69b76fdf5d77bba65cb96b900cf3cf34c9b376f9e4795c88d65a5a5a571c94288d0495b747413bffbddefba9090d373cf3de75dc0c18307dbf8f1e35d663b77eef4488c088fae2deb343434785795688a28100122c704ba9648e9eebbefb66f7ef39b9eb667cf9e2e272236644a7923468c7071f5efdfdfcacacaec8c33ceb01b6fbcd17efce31f7b1ea443b01cdfa30ceac53a7467e9ded255263aecd6ad5b5cb2102274d2161dd1d5d7bffe758faa8898100d824926ba99745f89d86eb9e5167bfef9e75d6e2525252e44d22030baafd3a64d8b736d89e8962c59e2ddde2f7de94bf6d0430fd9dcb973bd7bdba95327dbb2658b8beaf6db6ff7c8911322d75c738dbdf2ca2bf6bdef7dcffefad7bffa72407640b7f5273ff989dd7aebadd6a74f1f5f8f1312e43d7bf66c4f2384089fb48fd171228013001b376e74a12121a2372082a2cb89d098575d5dede2a3ab4b54c67c6484ec58461abaa05481e5744f81e5a46b5d35f2213dd12122e34405e938b1405ee4435d788f4457af5eedc7eb38133c75ea54ef06d3c5a57ec88e6387d45708113ec1de19c1f1be5ffffad73665ca143befbcf3e2b942884f23ba054c08113cba054c08113c129d102278243a2144f048744288e091e88410c123d109218227adcb4b48ca45bddc96a5ab52841099841b0ab8d8bf2386504b4b74dc15c15d08c9904942089129b8fb893b9618a22dd3a4253a6ed6e71e566e9de2f62b2184c814a888608a5b46334d5ac7e8180184fb4c2539214447d051237feb6484102278243a2144f048744288e091e88410c123d109218247a21342048f442784081e894e08113c129d102278243a2144f048744288e091e88410c123d109218247a21342048f442784081e894e08113c129d102278243a2144f048744288e091e88410c123d109218247a21342048f442784081e894e08113c129d102278243a2144f048744288e091e88410c123d109218247a21342048f442784081e894e08113c129d102278243a2144f048744288e091e88410c123d109218247a21342048f442784081e894e08113c129d102278243a2144f048744288e091e88410c123d109218247a21342048f442784081e894e08113c129d102278243a2144f048744288e091e88410c123d109218247a21342048f442784081e894e08113c129d102278243a2144f048744288e091e88410c123d109218247a21342048f442784081e894e08113c129d102278243a2144f048744288e091e88410c123d109218247a21342048f442784081e894e08113c129d102278243a2144f048744288e091e88410c123d109218247a21342048f442784081e894e08113c129d102278243a2144f048744288e091e88410c123d109218247a21342048f442784081e894e08714cb074e9d2f855e691e88410479d79f3e659595959fc2ef3a42dbae6e6669f84102213cc9a35cbf6eedd6b050505d6d4d414cfcd2c6989aea8a8c82a2a2a3aac3242884f17b8a4b0b0d0ce3df75ccbcdcdb5f2f2f2784966c98aa2b394c3332a555959e915cbce56af5708f1c9403f5959591ff514ebebebad478f1ef1d2cc9196e880e48ae884101d010114e2cb34698b4e08218e37d4ff1442048f442784081e894e08113c129d102278243a2144f048744288e091e88410c123d109218247a21342048f442784081e894e08113c129d102278243a2144f048744288e091e88410c123d1092182271e78931183f745d37e9f298410c736f9d1941b4da98d461c8b0ec1d54693864817421c0f20b9a268caf177ed11775d194d5d9213421c2f344653ea4f81d0313a21c471487a8fba91e88410c123d109218247a21342048f442784089ef8f212aea1dbd332a70df6ef6fb4868686833e493b2727c7f2f3f3e27787a6be7e6f944fcbf57a3c953b3737f7a327ffe7e5e57a3e07c272d6c9cece89d2e7783d9a9a1a7d5df2486053eaeaeaada8a830e5a77db30e752a28c8ff28afbd7b1ba2eddc17bdcf8af22af2ffad696ae24068b39741dd5afe377b1dd907adeb2484e828ba44139799b44f5aa2dbb469ab2d5fbed60a0b0b5a89a4d91a1b9bac478fee76ca29a3e3798766c68c3956565611bdca8ad629b62143065a79f92e17c5e8d1c3ac77ef9e2d095b515b5b67ab56adb392925e3670605fdbba75876ddbb6d3d377eac4b5342d20a7e9d35fb7a9532f7221a602929b3973ae9d7ffe44ebdcb953b42d8d3667cebbb671e3d628ef42bbe08233a37a768b53b75053b32792e13e2b2eee623b76945bd7ae9da37cea6dddba4d366edc48ebd2a5739c5208d171a42eba9c1f447c7c6744db9497575a9f3ebdbc3123a8c183075869e9006fd8bb76edb20103fac6290fcd92252b6ce2c453edd453c77a1e5dbb76b16edd8a5d5ec892e8a9aaaac6a3aa96882fc75f6fdab4dd45d4bd7b7154566554978a68bdae1ec121ab3d7b6aa3682adf962e5d6563c69ce072acae46482d1128ffc997b4bc478a2cafacacb10f3fdc64c3870ff6f5cbcb77bbe83efff929517945b676ed06ebdfbf8fedde5d1595d5128d6edf5eeeeb20c2f7de5bee92eed7afc47af6ecee116975758da7457e050505be2ef5a9adadb77dfbf67b14d9b28d7b7d9f10c90a21d285bb2352eb3da5253a1a2cf2219249223ae241645359599592e856aefc201263276fece441944824044467efbfbfca962d5b1dcddfe69223c2434ac8052922bacacaea48144c35f6f6db8baca2a2d2162f5ee1e25cb76ea30d1d5a6ab3672f8864b4d92333a234eabe68d1522f9f6dd8bc79bb97b361c31617d0d8b1c35d7474cdd7afdfec515c6161be6f1365bff6da1c5f67e7ce0aef3a6fdcb8c5bbce4474488cdd81fca8dbbc798ba374bb6ce1c2f75dbad3a7cff40874d5aa0f6ccb961dd1fa4d5e3fd222390429844897d445f7890e26212ba292bababa784e6a209b458b96b964a0b9b9e5181dc2414e447c488ba8a8852c2fcb7bd911892401a95d72c9b92eaa356bd6fb3ca2b79a9a5abbe28ac9916886479229b35ebd7ad8c9278f7681d1f5a4cea79d36ce264f3ec7c59b505cdcd5bbb12b56acb5f9f3174711e84a9764dfbebda3487694af9f9f9f6ba3460df389a89232989fd4f1841306d9a5979ee7d11f91664e4eb65d7ef9249b30e1645f4ed7bfb4b47f14110ff4f284101dcb27121d07e289a0cacaca3d1a4a15448284c68f1f1bcf6901212001baa67461936363443d0882688a086aebd6323f4940c487d02a2a7647eb547d74bc0e09322138a23e22308ef1ad5cb9cea343ba9751761e8572bc90e50944671c333cfbecf1366cd820cf8372e8f212ed513fbaea1ca32392a5cec88c7c13926398745bf3f2f2fc3512a6de4493c891ba2e5fbec6a3472144c79256d795ee225dcdeaea5aef9a211d4e4ef4ead5dd060eecf79168da0231111d71961388be1019c7df88baf84f24844038068614788d8c88c488fa88c6860d2bf57577ecd8e979d5d4d44511db289f3768503f17cf9e3d2d9166fffe257e2616619196e369bc27624cced20e1ad4dfbba2ac8714112132a3ebca7149d2222d445552d2c3d32177a446d7986de78c2b124cea5d55b5c7eb49b79572902ed2637f214ebae1c83c11ba10221d52efbaa675d695634a6bd7d23dfcf8720b1a39272590572ad0c05b5f82c1c1f9e4f21244c4817da4c0728491a4230df3ebeb1b5c562ca30bccfaa5a52d92653ef9231fc4487a24ca7bc48404891489b4f8cff224fa234d5216792025e625dd5ae621e0c2c21661921feb2161f24592d072294a96a769293fcfde7967a9af4f17bd6fdf121b3972880b9bf513010b21d2a5832e2f81444a1f931537ee230f2721225744d153f151ab437bb0bfb66fdfe927349033c71453b9de5008d11e1d283a21843836485d749fe8648410421c0f48744288e091e88410c123d109218247a21342048f442784081e894e08113c129d102278243a2144f0c4a2e3f629394f0871bcc01d11a9dff619df0216fdf96d600dd1c46b2184385621282b882606c3484d76b1e88410225cd45f1542048f442784081e894e08113c129d102278243a2144f048744288e091e88410c123d1092182c72f18aedeb7d316574cb7b555f3ada9797fbc4808218e3df2b20bedac926b6c68d709969b9dda83f35d741f44827bafe2253badd7342bcce1c93a4208716cb2ab61b3adae9a1dc9ee7aeb5b34229edb362eba15bbdfb0e5bb5fb76943eeb4ec2c3d4c590871ec52bfbfda5edc785f24baffb3c15d4e89e7b64d7c8caeb965fc12494e08718c939d953ccb35f5dbf475324208113c129d102278243a2144f048744288e091e8daa0b9b9d9a7a6a6a6784e66e8a87cc98f29c9bfb1b1d1ffb74547d5251592faa64b52dff6b64d8884b445575e5e6eefbefbae7fc91a1a1afc75454545bc343db66cd962f3e6cdb3f9f3e7dbfbefbf6f353535f192234f7575b56ddab4e97f1adebe7dfb6cf1e2c5f6c1071fd8860d1b6cc58a153e8f341b376ef43a575555c5a90f0debac5fbfdecb00d6fff0c30f6df9f2e587d5d00f06f9ac59b3c656ad5ae5fb71d1a245f6ce3bef585d5d5d9ce2e0b01e9fc392254be239470ef6dfb265cbe277e9c17a6cebdebd7be339421c9a9c1f44ecac5f6f4c63ba5f18cf3e347c396fbdf5563bf7dc73bdb1df7efbed76da69a7b9f4b66ddb66050505565f5f6f3b76ecb0dcdc5c2b2b2bf32f23ff2b2b2b3d4de7ce9d2d2f2fcf7efffbdfdbdd77dfed8dfed5575f75799e78e289de50d7ae5deb8d94b434c6cd9b377b79e4c97cf22b2a2af279948d6c913042e23d65b14e7171b14736486cebd6ad5e3fd6a71e2c67bdc2c242fbe73fff697ff9cb5f6cf8f0e1d6bb776faf0bf562fb7af6ec696fbcf186d7976d258f5ffdea57fe7ee8d0a15ea79c9c1cdbbd7bb7d7817a517f04d9a9532717c90f7ff843df8e134e38c1ff3ff9e493f6c20b2fd8983163acb6b6d6eb40990891ba75e9d2c5f3cdcafa784c7cb663e5ca95be7fa93bfb9069e7ce9dbedec30f3fec82639d3befbcd356af5e6de79d779e75edda35cee163a8039f11f9cd9831c39e7aea29bbeaaaab7cbf921779b01dd48ded60bbc8873ab5863a237ba4c37e677b49cbfedeb3678fef17f65702e5f219b18df7dc738fbdf7de7b3675ea545bb76e9d4fa465e2f343dc7c17a80be95997bcd9cf7ffffbdfed1ffff8874d9c38d1ba77ef1ee72e3e0d3436efb79595b3acb4f338eb96df2f9edb36698bae4f9f3ef6d65b6fb9988818faf6edeb72fae31fffe85f5ac441c3fbef7fffeb695f7ae9259ff7ef7fffdb1b140238f9e493bd21938606fbd39ffed41bcb6f7ef31bfbcc673ee3ebfceb5ffff246486343504f3ffdb4cb86bc68886fbef9a64be2d1471ff5c6c8fbe9d3a77b84396bd62c9714ef699c34de679f7dd6eb4b3934b4e79f7fdea3c9575e79c565f5b7bffdcdeb83889019529933678ecffbce77bee3f9b3cd252525de98a9cfae5dbbacb4b4d4de7efb6d9f4f643a73e64ccbcfcfb7c71e7bcceb8f4c10c0fdf7dfeff3cf39e71cdfa6050b16f87ea46eac874cd9372fbef8a2e7878c870d1be6224b603bbff5ad6fb978a81bebb21c41bffefaeb1e21920f92605b290bd1515e6b90d3f6eddbedc1071ff47dca8fc5fefdfbed94534ef1bcf89c988740a8239f05db8f8cd9de4476e44394fabbdffdce5e7bed358f78111b65234e84cc7ea14e09a479e8a187bcae7c567c7fd8ff0f3cf08047957c6e7c6ff8bcf8f141d6ec8bd9b367fb76f3d9b21fce3aeb2cffcc2ebae822cfa3f50f82089bc3115dda5d571ad66db7dde60d8d0679c30d37d873cf3de70d9a2f1caf11025d3e44c0171a31f1a5e6f5a851a35c720934c2112346d815575ce1bfd434d8279e78c2860c19e291100d8f3c8910c68d1be769682c340a1a008d8ac6b174e9522ff3a4934e7209d10889289e79e6196f30d489a8e3cf7ffeb3374ad6ebdfbfbfafc3ba34b65ebd7a796307a207caefd7af9f3770e44674994886bc070c18e05249b6957af01a89b11dec2b644aba6eddbaf97612612610e92213ea82941f7ffc71170bdbf78b5ffcc2b7b535c80809512fa24ef60d42418ebca79e48886d497e800e941cb06d48987dc3f6b21fe95e233dca1f3972a40b9b1f1c8443ddd906b68f740949044a2479c6196778bd8872911311183f1a3d7af48853b7c00f0cdbcbf7807d475d101feb20e63ffce10ffef9f139b11d6c5712f112c1b16f070e1c6883070ff6baf0c3453d84688bc33a19317efc788fcac68e1deb62a13bc16b22217e5989ba68c4cc6f7d0c65f2e4c976e9a597fe8fe8889c90045f60ba2c08852fff85175ee85ff4a4ab42743365ca143bf3cc335d0e344e261a4bf24527c2fbec673feb8de2739ffb9c8b91ae0f13d1148d83880410186969c0d477d0a0415e368d3c01b124d10bebb38cfa2201f2428cd9d9d91eb111bd50571a1f65b07fa83713f5459234dad6db4e1e175f7cb1d7857d403d1013dd67ea457404e489fc807a9c7efae9be1fd87e7e009027f9b08fa82f22a06ee473a0e8a8279123f2a05e741b4f3df554df2ef6138264bfb08c3af179f279930e71257502f67bb26f2fb9e412dfff6c2f9f235d4af2a11e40f4c932ea4bc4c67781488ffc912e75254aa31efc98500e6988d8c8976d62ff909ebab5de37129d688fc3121d8d9b2f1e5f541a30dd23a23b220484c1179c2f1f5d0ba2b8041ae1815d0c8ec344bd678f686ebcf146cf6bf4e8d11e25d0b82fb8e0023bfbecb3bd31704c878886c648a3a1ab4b172cf9a29377923f75e435d1080d1599300f012184242d0d86ffd49bc64f3401cca3db85bc687cbc474c6c37ef69c8401aca27b2a2eb8e1c112d8d11c9533f1a3ed225aa24ea01f2e39814111042415e93264df2fc80ed4e2445d79d6d07a44a378e680e015c76d965fe19d085e7f85c6ba8cb238f3ce2fb981f0f2072621edbcb7af7dd779f2d5cb8d0654504883c7ff6b39f79fdd8efec2b8e25d2f5267aa3eb48840da441ea08f0de7beff5f2cf3fff7c9fcf94c0fe21ea7cf9e5973d6a437a745511177cf9cb5ff67d4764c78f1bc70a29f797bffca547b9d48f289aed65fb893a8918f9ecd8cf7cae42b445dac7e812887e68bc7441f8b2d39811105dd0091326f8af362224cae3c405d1109103a248a2248490441f34f269d3a67977925f77bebc347e22c0a4bbcb8408914c121db11e8d876e21dd30d6a56cea40b7894893d7d41771203de6d138112a75a65e3472f2448c2ca7a1220a1a28dd32ea4f43a30c64491da83bf9d13891065116c7184943e4443daebbee3a2f8786cbf142f2a0ded485f59027910c62235ff60dfb8579e44f63469874d1c817a15d79e595be4fd85f6c3bdd7cf2a62eec6bf601fb91f57ff4a31fb97c78cd3625dd54d21135d2bda6de9487d8102dd2239a625ba823a2428c44d41c566039e981fdcab65147f609e265bbd9bf49f40c49644b59ec73b69f32a83fd120f9b00fbff0852ff867ccfa7c07d8ef7c0fa817512b9f13dbc6a10b8e23f27d4ba246f1e9e0708ed1c5a397bc6e8c6072d5d0bbe2d9e94363604a7e5d93f707febaa702eb2524eb1e382fddfc0f273ddd328e53d1e892867d300e9637ef89a2922ed6a1201db45eefc0bc80289268866377c80001b45e075aa707baf5449a575f7db5cb25817af1392565b58e8892bc20c98ff4497d38c972f9e597ff8fc40eb6ce81b4aee3c1d233aff5fe6a2b4fd2f1b990961f88839d5516e1d2d058672f6cb8c7ce2ab9d6067739359edb3619135d88d0d888cc904ceb636b470b1a3891117521aa6a0f2252ce8a1eecb290c38533ea44eaade578a4e17341e24485ec8743c95584c9e1884e0737da800644633a162407c805c9a42239406e74df332539a07b7f3425077c2e7483395c22c9895490e88410c123d109218247a21342044fda2723b8258aebb0b8be4c1c1a8e1f7176f46b5ffb5a3c470891098ec85957aee14a2e7a156dc3f570dc232a84c81c47e4ac2b17ae8ad4e0d21421c4d147c7e88410c123d109218247a21342048f442784089e0e151d375d730b55266f4162b40d46b968ef66f94cc36d4f9c45e5b21121c4f145da9797302c12a37ab4055248069fe45e4b6ec066ac3286076278214405dca4ce186d8c5fc760908c9b06dccfc9703ec97d8caccfe8c0c9b04b0ccbc3cde58c0ccc7da80c3794a48d36c72f7f61a45fc4c4281fc9481bdce4ced86ecc673c33ee976462f463460c06866c223fa07e8c27c7d0eb0c15c4f043e4913c9885d144da830145851099e3702e2f497b3c3a068a6caf81335a0623fc32ce1837a033ae197261ccb15b6eb9c5c71363d82084c250e30cb888cc100e307edb5d77dde563a82137d665bc33f2646c35f2641c33c67223b2434ed75e7bad8f3b8764116af2fc04867a678c34caa64c2232eac5a51f8cc9c6186b73e7cefde8b2192ef0bde9a69bfc35f5231a658c3a0687a45c44cd98720c9a990c1cd916ba605888cc72449e19910a4885117d897e88bafef39ffff8f30618ee0878921823c6f25c8543814c93e73330c26c32343817e0224646d8650822f2e04e0da44394c66beede4820c2a36c46c5e579058c54dc1e8892721120a31c13c9d16526eaa43c848c788510c7071d223aa223ba6cc88a688aee26924b4447b794a88a116d0f05511ca3c9928e2e3092631e4381f3dc011e70c30354901bdd4ba44a79bc6e7d51335d5a46c0e576ace4f90ced41e446b98c804b5489ac19469ce717100512e5214321c4f14187888eee24cf5fe0f81b4f91221a4378742581e70e304439cf7f38140cf9cd7304484744c7631191190f824134c88b6e27d1635b10d1f184329e69913cadab3d88d62897c7fc712c8e637574b179162bf7f8b22d74618510c7071d223a222f9e27c1d8ff44629c7c401e08039004cf92488627478c1cc7bbe38e3becab5ffdaa3f9f80a88a6370a423a2e30403d11bf7da7efbdbdff68768f38c02ba94edc1b30578e421dd4ef2680df2e5b821659337f931512e135125cf4de08409af396698448f4288e3830e39198108e8da250f3ce1581b0f8aa6cb49a446b4c77f4e0810b571090acb98cf7137c4c4995dbaa1cc63f870baac1c6b438a44754478c88b33a208943c386bcb19d104baad4ca4e5e441328ff4d489132044787475a90f6772112ae5523ef54b9e668f7839c9425de83673163995e3743a1921446639220fc749e5f212a07b89189233a6c804c920a4e41a38ba95c8864b3c1290102265bd04c48988803cc90309219d244a447ee487281392f200610265338f32a82302231d2067f2601ef09a7994cd652c889bf2d896546fd8d7e52542649623324c53aaa2132d48744264163d1c4708210e82442784081e894e08113c129d102278d2165d72c654b44f723657087174495b7423468c48e922dd4f3b488edbc7841099a639fe9f3a695f5ec2c5b3bffded6ffd225c7168b8eeeee69b6ff67b63851099a3a1b1d65ed8706fc75e472784104793c3119d4e4608218247a21342048f442784081e894e08113c129d102278243a2144f048744288e049fb3a3a06d1648a568be70821c427039f70371103ebf2c8d2b63822170c33aa2f154a262184f8a4203a46efe65e7a64d716474c74c9bdae129d102213203ae0b1093c30be2d8ec89d1189dc24392144a6e868afe8648410e238237d194a744288e091e88410c123d1092182276dd1b57ef8b4264d9a34656a828e7a5443da979770fa97a7d70b214426e18c6b7e7e7e0a170c1f8127f50b21c4d1444fea1742888320d109218247a21342048f442784081e894e08113c129d102278243a2144f048744288e091e88410c123d109218247a21342048f442784081e894e08113c129d1022787c98a69595b36cd9ae1976f9a03b2c3b2b375e248410c71e75fb77db2b9b1fb4b3fa5c67833a9f14cf6d1b17ddb6da5536b7ec29cbb21ceb9cdb335e248410c71ee5f51fda804ea3ecf4de575be7bc5ef1dcb671d1353537daee86adb6b57685ed6bda1b2f124288638f4eb9c5561a45729d727bc473dac74517bf16428820d1c9082144f048744288e091e88410c123d109218247a21342048ed9ff03ce3fa79b30b420ed0000000049454e44ae426082, 'banane', '66', '1', '2023-11-01', '14:59:00', 'reunion', NULL),
(193, 201, 'patatepatate', 0x89504e470d0a1a0a0000000d49484452000000cb000000690806000000942fd7d6000000017352474200aece1ce90000000467414d410000b18f0bfc6105000000097048597300000ec300000ec301c76fa86400001a5a49444154785eeddd095854e5fe07f0ef999933c326b208a288a82c82b8e3aea9984b89585e35ff56929675d56bd7d4bc3753a1d2db7225bb6ae55ae01ea2a9282e95a8206e78052c564101110414509075667eff33cc00332c32155bddf7f33ce7d139f3f2be67e69cdf79dff7cc79dfc391000cc3344aa4f997619846b06061183db16061183db16061183db16061183db16061183db16061183db16061183db16061183db16061183db16061183db16061183db16061183db5f05dc772dcbb7e163773959ad7ba38be13fa8deb8f4e7fba10562273df02bcb485c7df8f6cc64b56ec1cf587a40a969693473b9e97a982b3de8533994efb9f6892ea4b9e4a7b164ea0892b8e09b9b755724a593f8a78a9076dca5068d6317f34ad728a1399cfc4ee8c1ce4e4e82eb9a9fef88b912691de9e2035f23cce47dd4379fd15561b2046b7c527909579046ffef9aacdff19adb3e738294c2cad6065a5bb585ab6834c9304650f91969484cc4221024aef2132e40002020ee0645416ca34498062e4a4de4541b9502d953ec09d5b89484c4c44525a9efaed7af2f0df19882bd95a51a5c847d2c563d81fe08f3ddf9f47429e42f38686761e4f527139781f02760721343e1fb5520a49d3909494097571910839e08f9d8157a02a4e59f2180f1f3e46a9aa0eada2c843c28523d8f7ed37f03f701c97920beae4a9a2c84fc2c563fb11e0bf07df9f4f40ed4d645a88a6866921ea6698c8e215fabe44b3aa01153756535f5e4613567e4e339d8c8837302123a98838517b1ab8ec14e5a85a33a5a1b4b8bbb84e738e1fe0a393c7f8773f262f7b0392c84cc8d8c88d565c2eab7cbf307a1bcde96346624e4c32131332907024361f480bbe4ba18aca14da79aca3c976529218189321cf1127b1a2912b7fa0ecea565505dd58dd9778d9787af7632fb2379008791a9391db0aba5c56b719264f3b440bfb9b918813116fdc8e8c54798a4cc879d1712aa84ca15248d1dbe6501f33317162199998089f41d856f3810be8bb94aa2d5429a0d0f5f369eefcffd0c552cd2aa6c9b54ab070a663e9bdfd07e9e041dde5d08564aa8a21f541ca91c4b817bdba3d927254c746613ced7ab907f17c1f7a3f52b5e231ddb97e9016b9f1c40f5b49a72e5fa6cbc272e566866e1e86ce346bcb55ca56c548690115088528728ed11bdd79321df057da753d87546f55645fa12fa77727a9e918f28b93ebe621b5a3c9ff0ea72c21a122ff2605cc75250371679a1d789fd487bf26583809193acfa22d57b32bf32c2d28103e53ed6029a5d0c5dd89377b867cce66a83f73593edd8ed84bfffaeaac2658149473ec0deace9bd280bfeea2eb39955b48d957bea4e9dda5643ac68f349b2824bd4f5f8f9712645329a050b38e69726daa832ff5d84455fd5ff5412aa62e6f9c10ceaf35e4bf7c4483782979fc275db32296d60ee2493afe6bba5f7d965753e72122ebd9076b75fee574cbef19a1867027df18ed33b4e0c15e9a6ec1539f559195b54b55b0983eb795d2b5f37f1c42f3bb8ac968dc664aab5caf09169135cd3e58fb5243ed60794cfe5e06953560ede2abc96f91df3386c4bbfbd649f360ef74b2104e18ab2a4f182a4574d5df8756f9eca128554c31cda2753af816af406886a9025567290b7d1bb63a5b2481dbe02130d1bc521177e9021b11e1517ebe664d63843c868f407bcd2bb5625c8d8842999108a9416be1ebeb5bb36c8a409e4c89db71895a7d2309fa8c1b8fcedadbd66e0cc60f6b87b25fae235ae8335593b861f808ddd2ea32c4a061fd2089d984392fbf8f2f0f852121573b1341f155444495c148948aa0b55adb272c9b22f22053de465c62d5161a63c8dc0fb1eec357d15faa59c534b9367f698697d6dafb220e9cf08f2ab8f4c3c1d8c444f7832a0b9157500e2abd83b0a04004066a2fa1c8347584430719e49ae4aaafc9d4cc1c62cd2b3509cccc8c81a2c7951dfa6a9c314c4c1afb5a25e8fdee7e1c583d1ed24b9bf0ce4b63d0abb3157a8c794308845ca8b25316e6a1a09c507a270c413adb272ca199307574400759cd1632cdafcd074bb31099c2d25c26d4702f607374021212ea2e31db6768d5464a3ccccdae75a5aa140f721f03ed2d60fe5bbe45690fbcf0611022331e222bf60202fde6a1c79dbd58f697b7713057296ca225cc652258bcb019d1f56c5f42420cb6cf68ac06639ad29f20586490c9849aa6a40845fa563630c2088f2130cc3d83c093ea33f9d3c9f1f3a91348d68a1665ee691cbf540ca381c330f077357d64b0721d8d994b3660ef7ba321ce8bc6f55b428d6134021e430c917b2610271bb8e3a18612c5f9f791753f5f0861a6b9b44ab090fc1eae1d09425050ade5f059c43dd224d297d816bd5daca18cda8bb51b772150c8e7f04f719a371b2242b7d7d66041af87d8ffd6542cde7a063fa7e7203b3d0151170e63f30a6ff8863cd1a45553def81cde4bf7e26a6a36eefd721cfff25e8ec379dd30fb6f33843e942691be94777160c5eb58b5ed182e4627e19e506bdd893c8c0d076e4061da0bfd1c24c22676c36b6b16a0d7c3fd786bea626c3df333d273b2919e10850b87376385b72faa3751998b5d2fd9a373b7b9082cd2ac639a9ed0f66f414fbf1a067e60f5d529f55528194df9b6e657874a8ffdc94bc6d3009f68cd0a22f9ed205a3ac1953a9af024e2b83abfb3d4c943a3223d847cbc9ca9bd98abde064e6448b6eed3c8ef92fa078baa3c9efb603bbdd1df8c249c269d91234ddb18a975a5aeea77962954b7b85a57c314191430bb1bb593d4940b4e44865d3c68c5d1342175950a4a0ff1212fe7f624d694abba9d4f64684beed3fc48b389ecd2710b61d3b70a8ab362111d9f89126907d8393ac1c1c6a4ba332f8f5a03f7a1ebd1755b368ebf26425acc0ddcca93c2aeff60f4b4146a80dfa13cef0e126ea5233bbf1cd20e8ee8d7bf3bcceacdb258e8d744233eb344486707472707d898e85e6e609a1f0b9646e804cb3cd6a1fe5ff627e8e0334ccb60354b2394b9571078f0064cc6cd87972bfbc5ef7f190b1686d1136b86318c9e58b0308c9e5a690c3ec1b0eb608c76b3d48dd6e23bb8129e0479f76118e5ccae3c316d4b0bd72c8538e5f302264f7e1ee3bddec70fb57ead57641ec4322f2f2c0c48d2ac6198b6a3559a619c44022e751fd66d8dab77182dc3b445ad122ca28ecfe3a5b13cae6efa18471abd49504589a2b4ab08391000ffdd87f0d3cf39a835faa3d658f934f558f93d877021b9509340c8a53005e147f60a791cc1a534dd7bbf18a651aa3e4bcb51df1b26eef216059f7b977af132eabf3ab272f8ad8afcd6a7349ce7a9f7ca6b9a350245269d7c6f0c75927224e28dc8d840ac1eab3ef34bbaa1751f54d53d5ce3fff1094db53720ded0443d565eda85a67efd336586fad0581b9e7823f5587bceb8372d0aae1a12ac5610ba9ee6cf9d4fff6103d9997ab4dad530e9906578cfcb14bf6c59877df71aaa5d14b8b3f34dcc597f1dd673f7e1e7dc42143dca40d86763f0e4c852ccfae78fd0edf694e3fcd7fbd1e1a36bc82e2cc4e3bba178af7f014256be88b10b4231686b3cf29f14a220f9105eef92881d2bff83ebd5559412a50967b03b600f42932b34eb18468b26685a484dcd725a387997457d40ee063c392f394f45c2bb756a968a18f21dc893a4e7320ad79e0d469145012f9a93b8fd8bb4eb817a95ba661193dd9b272bf3aa92b3e37932e478eab726aa724cbd9a9c62d70e225e3a96be500fa0af5474d59f7c56f9d01e36909da947abd52c2ad2fe6f63d54bd6b8edff11be49a9a7abff240a51094a588f7a16830d34eb5444d69834c11de2a29bb8fe73cd4879d570dd5eee8360ac79a5d2ceda1aed44a6e83bd04578b78a189d6cac20a247c8cfafa9d58c87ccc587eb3ec4ab6c203b538f560d16c0025357be83e1ca306cf8e4341ed56a8d2955e3dbe51c4ccdcd2bc7ddd710c1d4c20c5214a1b050f767a23a63f63911388e07cf6b5e6b709c2a47a550b3aa5f334c635a39588473bccb5fe133a72beeed5f8baf12746b1791a939cca484bcdcda437f957898f310e59c19cc7fd3007886f9f5dac091d60e1eff5881f1b2ff62f367a7a133c191d1600ceb2bc1c3f3c711aadd9357a4e158f07528ccdc31bc4fd3359994c5f9b89f751ff96c203b538f36715a16779b8b356ff644c1e57024685f88123bc17bc974d864ecc222ef4f7132f61eb253af61dfbb2fc3f7bc1c7dde7a1b9e4d76578c12b9bb5e827de76e98cb06b233f568236d18030c5bf61ea6d6796e8908362f7d85c31ba6c1386c35a6f4ee029bee4331e7eb34b8fe6d170ef90ec7af9e749f617ea33fce789627f71073231ef72b8c61dfc71d2e56ec8a15d3b2d8e02f86d113bb94c4307a62c1c2307a62c1c2307a62c1c2307a62c1c2307a62c1c2307a6aa5092bd4777a719c04bca1312c3b39c0c9b1238cff88a1ab284266c24dc4df7d0cb9a51b3c06dba1e15f804a71ef6a084e84c521b3588a0eddfb62f4c471e86753fd8ce61a4529b8147117ed078d869ba5e68bf91565298a329170331e771fcb61e9e681c1760d6f5551ca2544dc6d8f41a3dd602992233ff90ace5db886b8f402c88d6ce03a7232a68ceaa67337778d62a4851f43707812f2c4d6e8edf122a60ce954f3d4690d797e32ae9cbb806b71e928901bc1c67524264f19856eb53395e7232532029763929191938f12b44367b75198fcfc30d8b5f62fd0aa6069390dcca2cf7124b570268f799fd08994461e63dc10792aed59388126ae3856ebf991cda42296be9ce6421d8d25c4693e8774e216ada717d7f2f81a6dfc8b13198b24d4ae9323f574e844a63c47fc88cfe856cdb4f9d51eec9e4666c613e82bd5acfbbfa2ac8ad82f699a4b4732ae9ea15f4a13b764eb8c08d5f580764f3323e3095f5186229f0ecdb3230311479ccc9cba3abb92a38d31893903b29fe247576a3f1d409e46416ff52153e13399da3a93532713128b2d68e83f7f503f4d5a23ffd03cb2331011c7c9c8bcab33b93ada90b1982303fb29e4572bd3bc1dcf934c3887f32636d4c3d58d5cba9a9354383e8c1ca6d357314f34a95a47ab048bc87c26edcec8a19c9c1cba9f914cd1170ed3e677bdc8d94444622b0ffaf49af6f02d3d3de541accd427e87823f5f4b5ff87f4fa15776d2ec8ea28683459146bb677426de6c08bd7338b17a709afc41341d3e7851e7c052cba7ef665992e1980d745b1548bfa22cf99d60fa7ced17e4ff7d285dd9399b3a8a1a0996fcef6896a5218dd9709be49443df788fa6d7d707536c9e2682e53974719d077510f1d473f945aa1970ada0f46fa692a5d89486ad0aa307aa022a32e9e4dffb91a1d8965e3bf2509d4c90f38d378d7e7d3d05c7e6691ea7219474711d79741011df73b9cee3c89f5c0ba49da762e941f548bd324a3fb59c0609c786d1e8cf29b19e134b4b699d60a9f739f80aca0b5d4efd0c39920df4a11bb59ed02b7f9848974e1da2dddffad38190ab94a6134f4f283bf9342defcb133fea23ba9c904009c292985ab3c32ac9f32831fc28edf3ff96761f3e47f10f9be89b2f09a1373a357c003f095d4c0e12237a667d82d6b3579ea2f008797734a0e19fd493be91b2b49584bc419d1a0996c223ded4d160387d92a02e49515fc2b2305ae22821beefea9afd228fa78f87f124eebe887ed2de970587e9551b31993cb78d32abf2aa3f530a5be24812be2fadaebdb3eb7840db9e931167369b825ab1726943bd0411cc3d5663cdf48ea8b8b91fbb2e550d8e2fc305df51b0b773c548cf97b1f0ef0b3167ca3038398d836fa8669c4bd955ac9de089cf6f56a0e2a20f86bbb8c045587a4fdb5899834a51cc76780fe8815ea3a7e3f5b7ff8eb7668d436fc7215818785beb41abc0a3737e7873de9bd818a13d02f3f728c3e5a060a44a46e0ff5eee8e4771e7f0fd77dfe1fbb331c86a60284071d8099c2d70c3244f875a0f7d6d6ac5083b7116056e93e0e9a02e4954ef11218644f536296ba6ae2ab888f01805cc463c8b61daa358db8fc5b3430c507ced022e577dbefa3385589d29948dcd87559e8e8cfb4a883b7785ddef7b24ceefd2c6bad466f0f0180403453aa2fe9ba559277ca99d9e85cfd19bc87a5c8ca2c222e4fcfc1d16d8dec0276facc18faabbe96583b03ce80016b9f1e087adc4a9cb97715958c277bd55f9f7cadc60bc336d318e4966e1dbc82c3c2e2c44e1bdcbd8382e1fdfbef53a36c657edad6698b4429189e85fb2c07532c79d3543e1d0e759cc7ce515cc183f000e2e93f1afb087b506b695e14ac859e43a0b07b06b331f19655710723617ce933cf1b4a20a2f1ec0f11442e79163d14b93ae3c2505e9156274e9d1a35667de04ddbbd94054988694aca74441e1451c389e02ea3c1263ab32ada6c0bdabc77028e820f67fe387775e98810da9bdb1e8d32518dc9af7cf6a6a9816f2b466985aa9d074e82cae351d523d4a7e58405df9aeb4e0474d83b7c13e8b9c6ef93d4386bc7bf523f8aa3dd84bd32d78eab32ab27a328bdf3469c5d39a4615d768a51b4f9c48689f77f122bf0b1954a228a1f4f3eb694a1709896de7d0e1ca06bf4659382d759292f3f288ea29a274346133ac2c7c2939499d697944c39f55917594e63b4b496c338d02526b1a85a53f2d227b613f8df82cb95653b182aeafea4b3cdf8fd64435d0bc5264d1d1f9ce2415dbd0b480d47a9aa64f2868b659f5c50c8eef4c1eef1da5df7aeda7a9b4b19a45f866e40ac885af482cd63adb94a5236ca72f16bdf2229e7bd60363c78ec1a4f7cfa040918d8cbb8d0d6b2cc6d58828941989901ab416bebebe35cba608e4c994b81d97289ccfd59a7ed20a0924c247216a87491f6cc3d2d1b6301019c06ecc326cf79d04e3ac23f8f6e883eadaa53cfa04cea4d962a2a7fb532e41378572449f388334db89f0746fa0a44797b06ee63cf867ba61c9ee6d9863afd528148b2a9b25ca7ada504aa5ead3881b687d3dc2a5753331cf3f136e4b7663db1cfb7a9a9a4698b13f1f4a92a328eb26823f1a8af42f6660b4f75ea437d6646b466d2c5894c84d4dc32312c3a64b67f52a791cbe7a7108c62ddc841f52e530ebe200671757b8385ac34038f55494d7999b5297b2107905e5a0d23b080b0a4460a0f6128a4c5347387490e9f45b9a94c8021666c2864a1c3178a895d6172e82d5b0217012972225214553be1cf12167906c3d1e9ec3ebf9eda529c9e311722619d6e33d516f514fa2f0c5ace9587bbd23e6061cc3bf27686fbb100ae6163013111ee5e7d79a82578182bc475072ed6151677e842788fa6216a6afbd8e8e730370ecdf135067bc9f0e318c6dfa60ca7b7bb0655e17dc3ffa05be8d6db63dd5a8b6152c425f25f8f87594f37d306a9465e5aab28b5bb1e1a7128cf1bb8ab88813f86ed74e6cdfba159b178f84ea186c94c81496e632e1987d019ba3139090507789d93e03cd3667bfc8062ece56c26e173ab2ba9d1321901595358ad04453bf56dcc289d3f1b078d613a3b43bcdcd4071eb044ec75be059cf51a85354692cb6bde2857f9e33c2cced27b075ba5d9db3bfa4870b1c8c94c8484a1442408bf201129272002b27f4b4d63ebc4a11bbed1578fdf31c8c666ec789add36157b74a6980217ab9768758998d7b99ad57b5b4a1602944f4978bb0f6dc135879fe0daf697a9c8afb59c881157af7efa6d52c2943ccc9b3b8a3f3bdc92013ce9054528422554bb79a1146780c8161ee19049eac3d4b4c5d4d3f69850c23278f4307651222c2ef69952f1c686111b8a53041af7ece959f4d911a82d3374d3076f258a19bdc9c14480d398d9b266331796cad92e4c9d833cf0b6f9fe4e0b9f938fce73868cdb7a6c5782c268d344671d8511ccfaef9548af423088e94c372ec248ca8aeb1e448de330f5e6f9f04e7b919c7fde740f5a87ffd3d42e47f93a01075418f6ebfea0f9b94f80381e6ff2da01437f67d8ee369edd1ddd118f90971888d89c4f9137bb169d5db58b1230ae2a12bb067cf32b8b753571b1c9210bce328ae6519c26da003da97a7e2c2f677f0d70d97515846e83665195e1d642c84bd111e5ffa06fb7f4c46819111ca326e21318b43af1ed63073b547fef11dd8b1ff1cb24dedd0d5da54f8feefe256f4051cfaea539cac98080f67d5e1aa44cece17603f6e197e717a07b39fda6f51222bf238ce5cba89d8b81b38171c8e54a91d7a5a1623392e010f0d7ac0de42bd63653d7aa0fc477ff81fbd867287fe70b6acc09dd3ffc6c27fec436ad705d8ecf722ba4985e0d9b706abc37b62d9c6d7d0d7b0f24f35f42f0bca2c441e3f834b37631177e31c82c35321b5eb09cbe264c4253c84410f7b588832b06fcd6a84f75c868daff515cedb55f2707ac904bcea9f0aebc94bb1782821252e0e719a253ea518e64eb6a8dc355c3b3877ba8f43fefb70ea1729dc0638c0f07e28fc160afb2fc305cbb77d86499dd55547dee92598f0aa3f52ad2763e9e2a1a0949a3ce3e253506cee045b55a642cdf1fd87ef2338430409c7097d1e39f26e5fc111bfc57877472c8cbcd662d3c20168af4f8ba239683afa2da4d6ed2e1c4762de982cbab8d030cfd7c9c73f8232eb5c9829a08bff9a40b6b2aadb373892d94d24dfadcb68202fa3495b7334e988e4b78368e90457ea68c29348c89b1fe0a37987a8223d847cbc9ca9bdb82a1f102732245bf769e477a9ea276405ddff7a3c4921a3a9015ab38ed7ab848e7a5ba9ae9054e757b348c9635386269d9a3cf528bd3bc696649c260dc793d5a0376957ace6128f2293b63e6742ed3c77d67307c2af28abe428795b099d89fad24a3d68538642286a2b3d67d28e3c77ea4e8c4ef2385a3784afff6f854564e54d4775ae483da1981daf521fb3aadb7084efdc6a082d3c704beb4a9e9ce2d60d21be565ed58bc88abcab325564d37eef1e95b701d5a4e14864684b23e76fa3ebb56fb769617f9831f8c5593771fd66262adad9a38fbb2bac7f63ffb7382b16d1f199289176809da3131c6c4ceab91ad35cca9193f05ffc72b718b2ce6e7077b3a9ee2f28730330cd69318a3f4ec49945b6cdd83e562237601a9c1617e3e3c4335864fbfb4b5216a523e64612f244d6701dd8179d7fe70d8ff2fc54c427a523bba00462535b38f77185ad49cbeda586b0092bda0879ec5eacde9286912b57c2ab090ee086c911bb7735b6a48dc4ca955e68d6a2fe6458b0308c9ed8798561f4c4828561f4c4828561f4c4828561f4c4828561f4c4828561f4c4828561f4c4828561f4c4828561f4c4828561f4c4828561f4c4828561f4c4828561f4c4828561f4c4828561f4c4828561f4c4828561f4c4828561f4c4828561f4c4828561f4c4828561f4c4828561f4c4828561f4c4828561f4c4828561f4c4828561f4c4828561f4c4828561f4c4828561f4c4828561f4c4828561f4c4828561f4c4828561f4c4828561f402fc3ff1fcc179685d1ce40000000049454e44ae426082, 'patate', '66', '1', '2023-11-09', '16:58:00', 'reunion', NULL),
(194, 202, 'fraise', NULL, 'fraise', '66', '1', '2023-11-07', '15:14:00', 'reunion', NULL),
(195, 203, 'fraise', NULL, 'fraise', '66', '1', '2023-11-07', '15:14:00', 'reunion', NULL),
(196, 204, 'fraise', NULL, 'fraise', '66', '1', '2023-11-07', '15:14:00', 'reunion', NULL),
(197, 205, 'fraise', NULL, 'fraise', '66', '1', '2023-11-07', '15:14:00', 'reunion', NULL),
(198, 206, 'fraise', NULL, 'fraise', '66', '1', '2023-11-07', '15:14:00', 'reunion', ''),
(199, 206, 'frasie2', NULL, 'test', '3', '2', '2023-11-22', '15:19:00', 'visiteInopinee', ''),
(202, 207, 'thomas', NULL, 'thomas', '1', '1', '2023-11-16', '16:05:00', 'reunion', NULL);

-- --------------------------------------------------------

--
-- Structure de la table `observation_images`
--

CREATE TABLE `observation_images` (
  `id` int(11) NOT NULL,
  `observation_id` int(11) DEFAULT NULL,
  `image` longblob DEFAULT NULL
) ENGINE=InnoDB DEFAULT CHARSET=utf8mb4 COLLATE=utf8mb4_general_ci;

--
-- Déchargement des données de la table `observation_images`
--

INSERT INTO `observation_images` (`id`, `observation_id`, `image`) VALUES
(19, 198, 0x89504e470d0a1a0a0000000d494844520000013a0000010208060000006e6b1b9c000000017352474200aece1ce90000000467414d410000b18f0bfc6105000000097048597300000ec300000ec301c76fa86400001eba49444154785eed9d09705d55fdc77fd9932ee99aaee94677ca52a06591ad54a003450a0a7f36471c1c75c64191c1196750661c1494615c503651414545594406b482420ba5b47481d2d2bda5745fd2a4cdd2244d9be47f3fbfdc0bb1d326ef95972e87ef677227efdd7bee39e7def7cee7fdce5dcecd6a8e3021840898ecf8bf104204cb27161d0161320921c4b148da5dd7bd7bf7dacc99336de5ca9576ce39e7d8d8b163ede5975fb6fdfbf7db75d75d17a76a9bc6c646abacacb4e2e262cbcdcdb5a6a626dbb469932d58b0c09717151579be43870ef5f799823ad6d7d75b5e5e9e151414c4738510a193f38388f8754a3cf2c823f6f4d34f5bbf7efdecf1c71fb7debd7bdbc2850b6dddba753661c2049716224188bb77efb67dfbf6f9fb9a9a1a97cc9e3d7b6cc78e1d76c71d77b8ccfaf6edebe29b356b96dd7ffffd969f9fef12ecd5ab9775eddad52345f262e275555595d5d5d5799e405ae6b11e65575454f87fca619da4ccacac2cafe39ffef4277f3f64c810cbc9c9f13c84106193764477c30d37d89a356bece73fffb90b6bf4e8d1f6c4134f78543766cc181b3972a45d79e595f6d65b6ff94474f695af7cc5de78e30d5bb468910b9248eed1471fb58b2fbed89e7df6599721f244740f3cf0801516167ac43563c60c97607676b60d1c38d0366cd8e0511fe96fbae926975db2feb061c3ece69b6fb6db6ebbcdcb18356a94ad5fbfdecacbcbbdde13274ef47c1f7ef8613bfdf4d3edfbdfffbe8d1b37ce970921c226ed6374dff8c637ac7bf7ee46204874b76ddb36ef7e9e78e2893669d2245bbc78b13df3cc33367ffe7c9b3c79b2cbe8d5575f756975e9d2c5aebaea2abbecb2cb5c3a483301dfd27d45a04f3ef9a447639d3b77b6c71e7bccf3aaadadb577df7dd7a3c62f7ef18bd6a3470f97d6dab56b5d8ad405f1bef9e69b76fdf5d77bba65cb96b900cf3cf34c9b376f9e4795c88d65a5a5a571c94288d0495b747413bffbddefba9090d373cf3de75dc0c18307dbf8f1e35d663b77eef4488c088fae2deb343434785795688a28100122c704ba9648e9eebbefb66f7ef39b9eb667cf9e2e272236644a7923468c7071f5efdfdfcacacaec8c33ceb01b6fbcd17efce31f7b1ea443b01cdfa30ceac53a7467e9ded255263aecd6ad5b5cb2102274d2161dd1d5d7bffe758faa8898100d824926ba99745f89d86eb9e5167bfef9e75d6e2525252e44d22030baafd3a64d8b736d89e8962c59e2ddde2f7de94bf6d0430fd9dcb973bd7bdba95327dbb2658b8beaf6db6ff7c8911322d75c738dbdf2ca2bf6bdef7dcffefad7bffa72407640b7f5273ff989dd7aebadd6a74f1f5f8f1312e43d7bf66c4f2384089fb48fd171228013001b376e74a12121a2372082a2cb89d098575d5dede2a3ab4b54c67c6484ec58461abaa05481e5744f81e5a46b5d35f2213dd12122e34405e938b1405ee4435d788f4457af5eedc7eb38133c75ea54ef06d3c5a57ec88e6387d45708113ec1de19c1f1be5ffffad73665ca143befbcf3e2b942884f23ba054c08113cba054c08113c129d102278243a2144f048744288e091e88410c123d109218227adcb4b48ca45bddc96a5ab52841099841b0ab8d8bf2386504b4b74dc15c15d08c9904942089129b8fb893b9618a22dd3a4253a6ed6e71e566e9de2f62b2184c814a888608a5b46334d5ac7e8180184fb4c2539214447d051237feb6484102278243a2144f048744288e091e88410c123d109218247a21342048f442784081e894e08113c129d102278243a2144f048744288e091e88410c123d109218247a21342048f442784081e894e08113c129d102278243a2144f048744288e091e88410c123d109218247a21342048f442784081e894e08113c129d102278243a2144f048744288e091e88410c123d109218247a21342048f442784081e894e08113c129d102278243a2144f048744288e091e88410c123d109218247a21342048f442784081e894e08113c129d102278243a2144f048744288e091e88410c123d109218247a21342048f442784081e894e08113c129d102278243a2144f048744288e091e88410c123d109218247a21342048f442784081e894e08113c129d102278243a2144f048744288e091e88410c123d109218247a21342048f442784081e894e08113c129d102278243a2144f048744288e091e88410c123d109218247a21342048f442784081e894e08113c129d102278243a2144f048744288e091e88410c123d109218247a21342048f442784081e894e08113c129d102278243a2144f048744288e091e88410c123d109218247a21342048f442784081e894e08714cb074e9d2f855e691e88410479d79f3e659595959fc2ef3a42dbae6e6669f84102213cc9a35cbf6eedd6b050505d6d4d414cfcd2c6989aea8a8c82a2a2a3aac3242884f17b8a4b0b0d0ce3df75ccbcdcdb5f2f2f2784966c98aa2b394c3332a555959e915cbce56af5708f1c9403f5959591ff514ebebebad478f1ef1d2cc9196e880e48ae884101d010114e2cb34698b4e08218e37d4ff1442048f442784081e894e08113c129d102278243a2144f048744288e091e88410c123d109218247a21342048f442784081e894e08113c129d102278243a2144f048744288e091e88410c123d1092182271e78931183f745d37e9f298410c736f9d1941b4da98d461c8b0ec1d54693864817421c0f20b9a268caf177ed11775d194d5d9213421c2f344653ea4f81d0313a21c471487a8fba91e88410c123d109218247a21342048f442784089ef8f212aea1dbd332a70df6ef6fb4868686833e493b2727c7f2f3f3e27787a6be7e6f944fcbf57a3c953b3737f7a327ffe7e5e57a3e07c272d6c9cece89d2e7783d9a9a1a7d5df2486053eaeaeaada8a830e5a77db30e752a28c8ff28afbd7b1ba2eddc17bdcf8af22af2ffad696ae24068b39741dd5afe377b1dd907adeb2484e828ba44139799b44f5aa2dbb469ab2d5fbed60a0b0b5a89a4d91a1b9bac478fee76ca29a3e3798766c68c3956565611bdca8ad629b62143065a79f92e17c5e8d1c3ac77ef9e2d095b515b5b67ab56adb392925e3670605fdbba75876ddbb6d3d377eac4b5342d20a7e9d35fb7a9532f7221a602929b3973ae9d7ffe44ebdcb953b42d8d3667cebbb671e3d628ef42bbe08233a37a768b53b75053b32792e13e2b2eee623b76945bd7ae9da37cea6dddba4d366edc48ebd2a5739c5208d171a42eba9c1f447c7c6744db9497575a9f3ebdbc3123a8c183075869e9006fd8bb76edb20103fac6290fcd92252b6ce2c453edd453c77a1e5dbb76b16edd8a5d5ec892e8a9aaaac6a3aa96882fc75f6fdab4dd45d4bd7b7154566554978a68bdae1ec121ab3d7b6aa3682adf962e5d6563c69ce072acae46482d1128ffc997b4bc478a2cafacacb10f3fdc64c3870ff6f5cbcb77bbe83efff929517945b676ed06ebdfbf8fedde5d1595d5128d6edf5eeeeb20c2f7de5bee92eed7afc47af6ecee116975758da7457e050505be2ef5a9adadb77dfbf67b14d9b28d7b7d9f10c90a21d285bb2352eb3da5253a1a2cf2219249223ae241645359599592e856aefc201263276fece441944824044467efbfbfca962d5b1dcddfe69223c2434ac8052922bacacaea48144c35f6f6db8baca2a2d2162f5ee1e25cb76ea30d1d5a6ab3672f8864b4d92333a234eabe68d1522f9f6dd8bc79bb97b361c31617d0d8b1c35d7474cdd7afdfec515c6161be6f1365bff6da1c5f67e7ce0aef3a6fdcb8c5bbce4474488cdd81fca8dbbc798ba374bb6ce1c2f75dbad3a7cff40874d5aa0f6ccb961dd1fa4d5e3fd222390429844897d445f7890e26212ba292bababa784e6a209b458b96b964a0b9b9e5181dc2414e447c488ba8a8852c2fcb7bd911892401a95d72c9b92eaa356bd6fb3ca2b79a9a5abbe28ac9916886479229b35ebd7ad8c9278f7681d1f5a4cea79d36ce264f3ec7c59b505cdcd5bbb12b56acb5f9f3174711e84a9764dfbebda3487694af9f9f9f6ba3460df389a89232989fd4f1841306d9a5979ee7d11f91664e4eb65d7ef9249b30e1645f4ed7bfb4b47f14110ff4f284101dcb27121d07e289a0cacaca3d1a4a15448284c68f1f1bcf6901212001baa67461936363443d0882688a086aebd6323f4940c487d02a2a7647eb547d74bc0e09322138a23e22308ef1ad5cb9cea343ba9751761e8572bc90e50944671c333cfbecf1366cd820cf8372e8f212ed513fbaea1ca32392a5cec88c7c13926398745bf3f2f2fc3512a6de4493c891ba2e5fbec6a3472144c79256d795ee225dcdeaea5aef9a211d4e4ef4ead5dd060eecf79168da0231111d71961388be1019c7df88baf84f24844038068614788d8c88c488fa88c6860d2bf57577ecd8e979d5d4d44511db289f3768503f17cf9e3d2d9166fffe257e2616619196e369bc27624cced20e1ad4dfbba2ac8714112132a3ebca7149d2222d445552d2c3d32177a446d7986de78c2b124cea5d55b5c7eb49b79572902ed2637f214ebae1c83c11ba10221d52efbaa675d695634a6bd7d23dfcf8720b1a39272590572ad0c05b5f82c1c1f9e4f21244c4817da4c0728491a4230df3ebeb1b5c562ca30bccfaa5a52d92653ef9231fc4487a24ca7bc48404891489b4f8cff224fa234d5216792025e625dd5ae621e0c2c21661921feb2161f24592d072294a96a769293fcfde7967a9af4f17bd6fdf121b3972880b9bf513010b21d2a5832e2f81444a1f931537ee230f2721225744d153f151ab437bb0bfb66fdfe927349033c71453b9de5008d11e1d283a21843836485d749fe8648410421c0f48744288e091e88410c123d109218247a21342048f442784081e894e08113c129d102278243a2144f0c4a2e3f629394f0871bcc01d11a9dff619df0216fdf96d600dd1c46b2184385621282b882606c3484d76b1e88410225cd45f1542048f442784081e894e08113c129d102278243a2144f048744288e091e88410c123d1092182c72f18aedeb7d316574cb7b555f3ada9797fbc4808218e3df2b20bedac926b6c68d709969b9dda83f35d741f44827bafe2253badd7342bcce1c93a4208716cb2ab61b3adae9a1dc9ee7aeb5b34229edb362eba15bbdfb0e5bb5fb76943eeb4ec2c3d4c590871ec52bfbfda5edc785f24baffb3c15d4e89e7b64d7c8caeb965fc12494e08718c939d953ccb35f5dbf475324208113c129d102278243a2144f048744288e091e8daa0b9b9d9a7a6a6a6784e66e8a87cc98f29c9bfb1b1d1ffb74547d5251592faa64b52dff6b64d8884b445575e5e6eefbefbae7fc91a1a1afc75454545bc343db66cd962f3e6cdb3f9f3e7dbfbefbf6f353535f192234f7575b56ddab4e97f1adebe7dfb6cf1e2c5f6c1071fd8860d1b6cc58a153e8f341b376ef43a575555c5a90f0debac5fbfdecb00d6fff0c30f6df9f2e587d5d00f06f9ac59b3c656ad5ae5fb71d1a245f6ce3bef585d5d5d9ce2e0b01e9fc392254be239470ef6dfb265cbe277e9c17a6cebdebd7be339421c9a9c1f44ecac5f6f4c63ba5f18cf3e347c396fbdf5563bf7dc73bdb1df7efbed76da69a7b9f4b66ddb66050505565f5f6f3b76ecb0dcdc5c2b2b2bf32f23ff2b2b2b3d4de7ce9d2d2f2fcf7efffbdfdbdd77dfed8dfed5575f75799e78e289de50d7ae5deb8d94b434c6cd9b377b79e4c97cf22b2a2af279948d6c913042e23d65b14e7171b14736486cebd6ad5e3fd6a71e2c67bdc2c242fbe73fff697ff9cb5f6cf8f0e1d6bb776faf0bf562fb7af6ec696fbcf186d7976d258f5ffdea57fe7ee8d0a15ea79c9c1cdbbd7bb7d7817a517f04d9a9532717c90f7ff843df8e134e38c1ff3ff9e493f6c20b2fd8983163acb6b6d6eb40990891ba75e9d2c5f3cdcafa784c7cb663e5ca95be7fa93bfb9069e7ce9dbedec30f3fec82639d3befbcd356af5e6de79d779e75edda35cee163a8039f11f9cd9831c39e7aea29bbeaaaab7cbf921779b01dd48ded60bbc8873ab5863a237ba4c37e677b49cbfedeb3678fef17f65702e5f219b18df7dc738fbdf7de7b3675ea545bb76e9d4fa465e2f343dc7c17a80be95997bcd9cf7ffffbdfed1ffff8874d9c38d1ba77ef1ee72e3e0d3436efb79595b3acb4f338eb96df2f9edb36698bae4f9f3ef6d65b6fb9988818faf6edeb72fae31fffe85f5ac441c3fbef7fffeb695f7ae9259ff7ef7fffdb1b140238f9e493bd21938606fbd39ffed41bcb6f7ef31bfbcc673ee3ebfceb5ffff246486343504f3ffdb4cb86bc68886fbef9a64be2d1471ff5c6c8fbe9d3a77b84396bd62c9714ef699c34de679f7dd6eb4b3934b4e79f7fdea3c9575e79c565f5b7bffdcdeb83889019529933678ecffbce77bee3f9b3cd252525de98a9cfae5dbbacb4b4d4de7efb6d9f4f643a73e64ccbcfcfb7c71e7bcceb8f4c10c0fdf7dfeff3cf39e71cdfa6050b16f87ea46eac874cd9372fbef8a2e7878c870d1be6224b603bbff5ad6fb978a81bebb21c41bffefaeb1e21920f92605b290bd1515e6b90d3f6eddbedc1071ff47dca8fc5fefdfbed94534ef1bcf89c988740a8239f05db8f8cd9de4476e44394fabbdffdce5e7bed358f78111b65234e84cc7ea14e09a479e8a187bcae7c567c7fd8ff0f3cf08047957c6e7c6ff8bcf8f141d6ec8bd9b367fb76f3d9b21fce3aeb2cffcc2ebae822cfa3f50f82089bc3115dda5d571ad66db7dde60d8d0679c30d37d873cf3de70d9a2f1caf11025d3e44c0171a31f1a5e6f5a851a35c720934c2112346d815575ce1bfd434d8279e78c2860c19e291100d8f3c8910c68d1be769682c340a1a008d8ac6b174e9522ff3a4934e7209d10889289e79e6196f30d489a8e3cf7ffeb3374ad6ebdfbfbfafc3ba34b65ebd7a796307a207caefd7af9f3770e44674994886bc070c18e05249b6957af01a89b11dec2b644aba6eddbaf97612612610e92213ea82941f7ffc71170bdbf78b5ffcc2b7b535c80809512fa24ef60d42418ebca79e48886d497e800e941cb06d48987dc3f6b21fe95e233dca1f3972a40b9b1f1c8443ddd906b68f740949044a2479c6196778bd8872911311183f1a3d7af48853b7c00f0cdbcbf7807d475d101feb20e63ffce10ffef9f139b11d6c5712f112c1b16f070e1c6883070ff6baf0c3453d84688bc33a19317efc788fcac68e1deb62a13bc16b22217e5989ba68c4cc6f7d0c65f2e4c976e9a597fe8fe8889c90045f60ba2c08852fff85175ee85ff4a4ab42743365ca143bf3cc335d0e344e261a4bf24527c2fbec673feb8de2739ffb9c8b91ae0f13d1148d83880410186969c0d477d0a0415e368d3c01b124d10bebb38cfa2201f2428cd9d9d91eb111bd50571a1f65b07fa83713f5459234dad6db4e1e175f7cb1d7857d403d1013dd67ea457404e489fc807a9c7efae9be1fd87e7e009027f9b08fa82f22a06ee473a0e8a8279123f2a05e741b4f3df554df2ef6138264bfb08c3af179f279930e71257502f67bb26f2fb9e412dfff6c2f9f235d4af2a11e40f4c932ea4bc4c67781488ffc912e75254aa31efc98500e6988d8c8976d62ff909ebab5de37129d688fc3121d8d9b2f1e5f541a30dd23a23b220484c1179c2f1f5d0ba2b8041ae1815d0c8ec344bd678f686ebcf146cf6bf4e8d11e25d0b82fb8e0023bfbecb3bd31704c878886c648a3a1ab4b172cf9a29377923f75e435d1080d1599300f012184242d0d86ffd49bc64f3401cca3db85bc687cbc474c6c37ef69c8401aca27b2a2eb8e1c112d8d11c9533f1a3ed225aa24ea01f2e39814111042415e93264df2fc80ed4e2445d79d6d07a44a378e680e015c76d965fe19d085e7f85c6ba8cb238f3ce2fb981f0f2072621edbcb7af7dd779f2d5cb8d0654504883c7ff6b39f79fdd8efec2b8e25d2f5267aa3eb48840da441ea08f0de7beff5f2cf3fff7c9fcf94c0fe21ea7cf9e5973d6a437a745511177cf9cb5ff67d4764c78f1bc70a29f797bffca547b9d48f289aed65fb893a8918f9ecd8cf7cae42b445dac7e812887e68bc7441f8b2d39811105dd0091326f8af362224cae3c405d1109103a248a2248490441f34f269d3a67977925f77bebc347e22c0a4bbcb8408914c121db11e8d876e21dd30d6a56cea40b7894893d7d41771203de6d138112a75a65e3472f2448c2ca7a1220a1a28dd32ea4f43a30c64491da83bf9d13891065116c7184943e4443daebbee3a2f8786cbf142f2a0ded485f59027910c62235ff60dfb8579e44f63469874d1c817a15d79e595be4fd85f6c3bdd7cf2a62eec6bf601fb91f57ff4a31fb97c78cd3625dd54d21135d2bda6de9487d8102dd2239a625ba823a2428c44d41c566039e981fdcab65147f609e265bbd9bf49f40c49644b59ec73b69f32a83fd120f9b00fbff0852ff867ccfa7c07d8ef7c0fa817512b9f13dbc6a10b8e23f27d4ba246f1e9e0708ed1c5a397bc6e8c6072d5d0bbe2d9e94363604a7e5d93f707febaa702eb2524eb1e382fddfc0f273ddd328e53d1e892867d300e9637ef89a2922ed6a1201db45eefc0bc80289268866377c80001b45e075aa707baf5449a575f7db5cb25817af1392565b58e8892bc20c98ff4497d38c972f9e597ff8fc40eb6ce81b4aee3c1d233aff5fe6a2b4fd2f1b990961f88839d5516e1d2d058672f6cb8c7ce2ab9d6067739359edb3619135d88d0d888cc904ceb636b470b1a3891117521aa6a0f2252ce8a1eecb290c38533ea44eaade578a4e17341e24485ec8743c95584c9e1884e0737da800644633a162407c805c9a42239406e74df332539a07b7f3425077c2e7483395c22c9895490e88410c123d109218247a21342044fda2723b8258aebb0b8be4c1c1a8e1f7176f46b5ffb5a3c470891098ec85957aee14a2e7a156dc3f570dc232a84c81c47e4ac2b17ae8ad4e0d21421c4d147c7e88410c123d109218247a21342048f442784089e0e151d375d730b55266f4162b40d46b968ef66f94cc36d4f9c45e5b21121c4f145da9797302c12a37ab4055248069fe45e4b6ec066ac3286076278214405dca4ce186d8c5fc760908c9b06dccfc9703ec97d8caccfe8c0c9b04b0ccbc3cde58c0ccc7da80c3794a48d36c72f7f61a45fc4c4281fc9481bdce4ced86ecc673c33ee976462f463460c06866c223fa07e8c27c7d0eb0c15c4f043e4913c9885d144da830145851099e3702e2f497b3c3a068a6caf81335a0623fc32ce1837a033ae197261ccb15b6eb9c5c71363d82084c250e30cb888cc100e307edb5d77dde563a82137d665bc33f2646c35f2641c33c67223b2434ed75e7bad8f3b8764116af2fc04867a678c34caa64c2232eac5a51f8cc9c6186b73e7cefde8b2192ef0bde9a69bfc35f5231a658c3a0687a45c44cd98720c9a990c1cd916ba605888cc72449e19910a4885117d897e88bafef39ffff8f30618ee0878921823c6f25c8543814c93e73330c26c32343817e0224646d8650822f2e04e0da44394c66beede4820c2a36c46c5e579058c54dc1e8892721120a31c13c9d16526eaa43c848c788510c7071d223aa223ba6cc88a688aee26924b4447b794a88a116d0f05511ca3c9928e2e3092631e4381f3dc011e70c30354901bdd4ba44a79bc6e7d51335d5a46c0e576ace4f90ced41e446b98c804b5489ac19469ce717100512e5214321c4f14187888eee24cf5fe0f81b4f91221a4378742581e70e304439cf7f38140cf9cd7304484744c7631191190f824134c88b6e27d1635b10d1f184329e69913cadab3d88d62897c7fc712c8e637574b179162bf7f8b22d74618510c7071d223a222f9e27c1d8ff44629c7c401e08039004cf92488627478c1cc7bbe38e3becab5ffdaa3f9f80a88a6370a423a2e30403d11bf7da7efbdbdff68768f38c02ba94edc1b30578e421dd4ef2680df2e5b821659337f931512e135125cf4de08409af396698448f4288e3830e39198108e8da250f3ce1581b0f8aa6cb49a446b4c77f4e0810b571090acb98cf7137c4c4995dbaa1cc63f870baac1c6b438a44754478c88b33a208943c386bcb19d104baad4ca4e5e441328ff4d489132044787475a90f6772112ae5523ef54b9e668f7839c9425de83673163995e3743a1921446639220fc749e5f212a07b89189233a6c804c920a4e41a38ba95c8864b3c1290102265bd04c48988803cc90309219d244a447ee487281392f200610265338f32a82302231d2067f2601ef09a7994cd652c889bf2d896546fd8d7e52542649623324c53aaa2132d48744264163d1c4708210e82442784081e894e08113c129d102278d2165d72c654b44f723657087174495b7423468c48e922dd4f3b488edbc7841099a639fe9f3a695f5ec2c5b3bffded6ffd225c7168b8eeeee69b6ff67b63851099a3a1b1d65ed8706fc75e472784104793c3119d4e4608218247a21342048f442784081e894e08113c129d102278243a2144f048744288e049fb3a3a06d1648a568be70821c427039f70371103ebf2c8d2b63822170c33aa2f154a262184f8a4203a46efe65e7a64d716474c74c9bdae129d102213203ae0b1093c30be2d8ec89d1189dc24392144a6e868afe8648410e238237d194a744288e091e88410c123d1092182276dd1b57ef8b4264d9a34656a828e7a5443da979770fa97a7d70b214426e18c6b7e7e7e0a170c1f8127f50b21c4d1444fea1742888320d109218247a21342048f442784081e894e08113c129d102278243a2144f048744288e091e88410c123d109218247a21342048f442784081e894e08113c129d1022787c98a69595b36cd9ae1976f9a03b2c3b2b375e248410c71e75fb77db2b9b1fb4b3fa5c67833a9f14cf6d1b17ddb6da5536b7ec29cbb21ceb9cdb335e248410c71ee5f51fda804ea3ecf4de575be7bc5ef1dcb671d1353537daee86adb6b57685ed6bda1b2f124288638f4eb9c5561a45729d727bc473dac74517bf16428820d1c9082144f048744288e091e88410c123d109218247a21342048ed9ff03ce3fa79b30b420ed0000000049454e44ae426082),
(20, 198, 0x89504e470d0a1a0a0000000d4948445200000181000000400806000000fc9acb81000000017352474200aece1ce90000000467414d410000b18f0bfc6105000000097048597300000ec300000ec301c76fa864000025be49444154785eed7d4daca55795dd7965d70f2ebb0a5c5d2415b743bbab919065d1e04cdc9127b1da2d08a316522c41943673a44c220f22394ada5206884904733b4a63359d588c90688cc884200691810eb23a820a3fc6aa8eab0d541997abca3695bdd6dafb9c7dcef9ee7baf5c3f7e8f7cebe9de7df6de6bed7dbe9f7bbefbddfb5ed5d6535ff8ebab574b295b5b5ba5d808f6aa5bc0c38adbcf96fd58c479ca8b97745187717b4a03e85967e225bfc683e7f5e177fd3deffab97ff0bcbeebb7eb6f83490f829b6dfa873cc783a7bceae4ba91e8f5188c3cfa91f7f8c6fde4f191a73ccd069ef2b58ec791906f71a58778f0a4571d3199af7d1afaf8c01bfa773c1ebf4dfd83af7900f2138f5ba0bc78f043b7bd1e09fa8cdb93ebe7fe9937c75b3fcf577fe46dea1f7eeacffd32f276d39f657cbf8c3ccfc73ca38ef35c28dec6fef6e4faba7d4bbcc5fee14bdff8230f7ab659e42921421f0f9ed200fd5ad7f3d4913ec413cf7e58a711679eebe7fed203993ff176d97f9ebffb3eade045dd030cd8c33b3482036110f24411707a456b6c883a18c7c00bd53a7433cf46f4c3221e3ca4a3bf02a25349e40d8f3aa157183ab8110f9e003dc221e8e7e974a43dd06dafc1cb6154ad781e976b0675e1570191f58dc701135d1ecf1688fedd3ca1abbcd0e5bcd0cf3fd7a7ab3a1c285175f6208df1cc43b0d231723ff71142df78de3fead02ce9358fd007aff51fb6c3107ae95aa2f1945139d559d213b58ec107dd7e32abbae28ba782e4d5c2c1935efeac07d49f230abaed75bdd8691ee431edbef35848196fd7781c811e3cc1cb61d4eaf442a2ce63eaaf01f2619b3ef138b2e7aebfe6b9a93f7992d1882681c26d3b89414f1ee8ca129bfb875541c5bd0e7c3e1baa2078a91ee9d15f3ce6e13b1a7fe0594465304a3ce48da768c4394a3e03de9f463acaaf96036844ba1704018900f5e46bc2821a251a1bd57cd4c13878b53efa59a0d60d5ecb377de2d5fa0a884e25d1e5bd4ee815c6006ec4832748cfd1a44f74e52dd06daf21e77b9ec7e59a415df84a20dcf110a93c0ec4cb793c5b20fa77f384a9bcd0f579a09f7fae4fd778d15f89aab307698c671e82958e91fbb98fa2a16f3cd54fae99257de6d9c879ec4fe4ed905e7d42173c97575eca6b50b1b9bf06adbfd7311374f114d8344f6de7a80f1ee4e8cf913d521d97c96ff9d68fdec0434401d014771e47f6cc7e8a005e0ea3be4e8d0b751e5d7ff164667d374f8eecb9ebaf7926b7d393e7056a9dd41f91edf4e4e5bc61b9bf7c190a5b3cea308a3413e6072fd5233dfa3b2fe70dcd1f7816110da3c44bf916e728f90c787f1ad7296f77025ec00b428044c0c318791c25d428d1a443a5a8633197553dd3f6239e088d87114cebdff310475401b5110f507fd9e8df781863e07534a83ca5a5a7adf1e0553a080c2ced27d988072f74742d1afd9510cb79e0d478f040709e0878aa7d180f1ee399e7751580eb5183eb3b1ee374cd2ccd53102fe2799e350c0203799e40b58c73640faf0f5fae19d4852f3de3c1f378e321021ffd68e4d3443c7842cf43ddd4a7d1a4633c789ef6419d2702ec13f1e0210e93fb2fcc1375bc3fada3ee272fac67f164a4a7753daca71b6f637fe7b9be6eafa3f27c50f777d2032d1e3c33ce5338ea367de30118651ed0e6092b99068a3b8f711a115937cd937186533c788a07f23ca1645fb7e2453ccd33ea604c2258ea239781140f9eeba28e41759b9e04b34e07034fce735dd4c1d8f5e24197ea34439e744b77024880e090cf913da2b11ab5b8f350a9256add659e39cd902733f6b727f2a06b019844934f3beb7b5eee8f1d241d0730ae573c78d580c051ee537986160f9e3da709b4fe4cd43e2e4ff14df344dc6dd207d49f237b589ee586bc065ed7797c8e38d4d13f78307d9dd077f354180c04c8abf31cf43dcff372cd0cf35481487b3c7818345ed4edf59a4760eeef79b9accb6c148c3a4abb2f5ef8bd7ee045dee1e53072bfd7072acf074a2ff1b23ecf5383be3fb697b48ad8ce8dbc36b0a859baad00758c7b1d8be579b6ba0a80d6780863947940ebaf38624d3ff7e78082eebc6458fae97cb15cd5d18087c8b25e01f40f9ec07269107de0129285715eee9f6cd29360d6e9157d7fcf6308beeb154f75ba7e106064cc3fffc25f5f4582400286cf091e50e106a757a06146f5925e6d1d35eea0be31665ece6b0333e4a7bcfdd0eb698c93e789aaaa3c45eaf6f6a662eeef830a05188f69b951bf5e30eabbfe6dba15a33ed3058dc6fe81ddf59f1b57cf07759e8ea9ce825edb4fd7a0c1e0562ce9091f5c6bffc052ff7e5ec2eefab71d3cb563209d4f8ebe7fe877775e13bd3138cff5355e799e6f816c2ae6fe3e702cf54f55aba0f96e1d9be72feca63ffb4d7147eabfccf3406f2a76ea2fc5c271b287fad5913d667d3d0eceabf371f4fae0c9cb18fb045a3fe597e649288d3b0195a132ae14e992137db4e3238ec2a457a051d5451d8cd3805746ba16e020f36c443f6ce6c1447f05ba7e86e6b73aec2757713e7b9dda8fe5a9e70091a40f42f034127fdc4fd1a7f54bfdbd80ea825f0544d6371e074c74793c5b20faf7f35cea9ff3423fff5c9faeea70a044d5d98334c6330fc14ac7c8fddc4780a7383c555439af43b3a4d73c24a380bcd67fd80ec3b49f1c8da78a2ab7bd1e09b10d3ee8f653d58b2f9e0a92570be73ea16bb6f1200f3fd54165d1dd27d3e3c163da7de7451d0b78bbc6e308f4e0095e0ea356a717d2d4794cfd35403e6cd3271e47f6dcf5d73c97fa2b1e3c2fc78104f2c5534276737f6173ffb0524c3c3e4b2f62f0e0460144a3bf78d577b4ba238f86713e271e0a2b1a718eec81fec1a3eb5103eb8a3fdf09a0a1d9df79efc172dfbdef29771e3e500edf7ec0092bf60a2ebf7db5bc71e56af9fb5ffea6bc76d10fb2e3f8d1ad72f77b0f94f71cda2a876fab4777c51ec1153b7697df2ee5cd370f97cb6fb5d716168443b7bf5d0e1dba5c0edd56ca21be455bb157f0e66f4a79cb56cbc3878ed9dbe7435c2733da3a1a060bb996550d10cd3c8daa1fa8bc24e0822d37b053ff1076759ab181e79ffac2d76dd9d7c28f0bc0810307ca07ee3954de3c72a0fcd5cf2e949fbffe6679fd2ddbfa157b0a47edc2fcbb470f964ffddef1f28f8e1c2c3f3eab0bc189f76e950b5b6f96bffcc9f9f5d8ed51c4b1fb97bfffbe72efd1c3e5c21b47f8fabbfdc01be5952b97cab33ffed57aecf620e2b8fdab3fb8bbfcde5def29b71f7e9f45b5a4faf259d7d1adab57cac5cbe7cbedb6b61e7c17df43e3c2f57639508eddf9be72e0369c6758f6354fdc211c303bdd099c3876b0dcf1fe83e5cfffd72b1e5cb1d7f11ffef01f94836fd85b473b90578ebc5dfefdf7ffaf6756ec753cf5d17f587ee7e09d5c4a5e79f3d7e5df7df7ef9458b1a7f11fffc9a972faee93f69a3bc4d71d008345f6e2a5f3e567175e2b7f71e697effac53c2e5c7ff6c1bbcb7dc7ee2877def57ecf186caebf79ebf2fcdb41bf7bea70f9cb9f9d2767c5fec0977ef2ab72fcf856397e6cab3c6be315fb07ffe5fffcb2dc76fb9572c01e7f61e315fb03cffce817f64eff82567ebcf387c1e3376f969fbff6ebf2e40b7f57fef7f9cbeffadd1cfa631efff67f9e2d3fb9f04679db16fdb6de9772fed7bf9aff4ee0f8d1db78f55ab17f80e375f4f0161febb1db5fc0f13a72db553ed663b77f8063757b795b8ead9b5858b18e5ebc74a1fc67bb40ec453cfdc357cb85d77fd5adf75b57df9aef048e1ebaad5c5c3f8bdc57c0f1bae3e0013ed663b7bf80e375e4f62d3ed663b77f8063957fe9c2df5897dbca5b7bf6628e7961d1cfebfde10365be1358b162c58a15d7062e9f667161d8ab17735eb86cd16feb3dc3f3df09ac58b162c58a6b41fb4e603fa0adf774e77f4574c58a152b565c0bda7702fb01e37a3f7d27b062c58a152bae0de98df59e47acf7f197c4eb77022b56ac58f14ee12b3f974f0df73c62bd8fe57ebd1358b162c58a770a2ca458506118d8fb68eb3dddf54e60c58a152bae0bb66e623ddd2fabe7b8deaf77022b56ac58719d486facf73cc6f57ebd1358b162c58aeb04974f1fef75b4f59eee5ef93b8107cbd7ffcd9f96339f79d0fd15fb061ffbe372c68eddd73fe6fe8a7d83c71ffb841dbb4f942fad2fbbebc4fefe4e60fa57443ffed0dde55ffcf79f79e09d0127d793f71e722fe34af9ce37bf5a3efd82bb012c24a77e514e3f3d2636e3739ff9d3f2c9f2d31d35bbe5dd78e0c2f68172da46175efa9bf2d12f9f513881fbe98eb337646e7ff5cffe31edf51dbbd3e54b9ffd7079e888bb1997ce95a7bef8adf28cbb01ecdf8f9cfd4af993af79604768bf941feca4d92def26e0c187cb771f39598ed9f04cd7bf1d53e2d51b735edd986337cc2d63719e38d61f2ae5db0bafc74de07e395e5e5c7a0d67ec967713d0d69ed7ca739fff4679426143bf7ffae3face80e376f550fb5739b98e5e79e5bad7cf9b09ccf93dc7ee9163ebfd1be77f3eff7f021fffa31337e622b0b0b8e9005d1e0e8ec51f3c5d9e79615e24f733b0ad9f3aff559e689ffbcc27ca3ddfef5f10f564dd530b892e02277f34be40fce2f0fa38d7d376ecced8b173f7b704ed7861bbef2b2f7f11e7ab169193f582ae7d72ffb9e50bfcb5e0c65d044e9573d3c23bce3bf0db78ec6c5b3f7b4779166f567021fac38be5a33c5f877d70832e52f922101fa46ced838bc011bb08c4ff2770e9c2cbb7f63b8167be7cb69c2977958fa48f0eb8183ef2617ea4d0dd9af263863f2e9f7397c0c1f318de81d68f8f18875e8fef3ed6de0f753c03fa056fac0fee771f7bd84e98566be3c71c3e972fe57a9f7db83ceee98df0b9e26278e6558fed799c299ffed16ba59cb83bed2f2d824f3e326ffbb8cf01ee77c6f0826cfbb53f1ef9a3899ea77ec11beb836bdac7f4d1941ec3b993a0b93cdcd5cbe7cc223e76b7cde0b5f27c5d48b54f8e9d3cb5f3317f57f14279f6a52bc33cb1bfd2b1abfb52fb78dc177a5d588ce76e3b463cce4bfb7be0c5b15cdcd7d7f83abaa6d768603c762f9c2d2f5e3a54eeffe00ec77c37f08f54b87c6ab8e711eb7d2cf7efea6f07f10270f27c79eaf35f29a7f1f8c1e5f2d0237e327ded17f305e383c7cbb1577fd1dd45f004b35bf773767bc71a9fff693977ef87174f0cf6e39d88b84fbd74b87c72582c8edd7bdcde4d45fe4a39fdc0e6c5a4d8fc1ec21d8ff73d73e464f9d77e82e382571ed049fae8c5bfedde71bcc8b97ea37ccffdfd87f62e58dbfe95f2dceb27cb93be983c7176be603c7af25039737678db6517fa7c3cbae3df41fd782742eedf94ef1cfdc0702138541e3a79c9cf25cb5fbaab7cb2cb0f387192773cea6b8bf9bd1faa8bd613df3f5feee70289bb22bf6bfdda378c3bdcc11e3feca3fd042cc8fa982def4b2dcc67caf3e7e60bc6474e5c292ffeb0bfdbc16be99347cfd5d72e5f4b8b8bb7fae15db8fae9f5d95f6836bf8e96b0f9356a17bc73c7cb93b8383c72a43c1f77ade3b17bf054b9ffc8bc4def085848b1a0c2307023817d972fa637066dbda77b6bef041e7fec14afc8dfe3470d0f964fdd5bca77be9d3e67b683f5dcab7795477902bc50be67ef944f9f8a3db0612199f042f9133b39e6cffbd0cff43f6827c3335ffe5b2e16eae778f56c5db09ff9e1f972a11c2ef76c3c0857ca77be1ff3d17c8fdd71bcfa98074ed4ee36fc856f954f5fe76791b71eb608ffc15db66ffc02fcb1fbca43e55cf94f69bb9e78da5ebc274ee9841d2fe07cd1c571df060b0b2d817ea67fae7e1465efc2bf7dae5c887e8e333f8a73498b59397ac7e677e997ce9567633e9cefa172323edeb563f4513f769b3f37f6f3a9f6dcabd03c2f9c3bcb79f235f8ea4fd376695f967befe342ca73fec8f1f268ec57bc8bbe74be3cbfc3cbee992f7fb59c5ef8ce88fd6c5fb773c55e17bce8aa9fb0ddeb6801dbbc46390f1ebb85f3888b2a2e10274b79a97f63765db07513ebe9cd5d3d6f1cc6f5fee6dd099cb0776a7ebb168feefb8007ef2827f1ee2d6e49fdf1c9135413dd3bca8d0b896e774ffbbbeef163880af6bb52ce75ff6be699f2f2eb3e5c5151f7657df4df07f01db0bd5be33baefac85f4af617f0e53b38c3d77eac77ec5e63d36d3dfb5dba545e749f78e1a25d86de2de8dd6dbf98ee05ccaf271c97fc7dc0fd771c9a5f9bfe2538317c54f2b95377d50b48063fdaade7c0e677abecf7fac55effca255bb8df0db43766cfdff1e1cd6bc53b407a63bde731aef737ef4e005f78fa0e3ffd4d7bd766a10b2ffd785808f0db42ce498fface39bda3dcb89018ead5dfde61c4093e7eaeb962f7c06f4ec4b1c0ed76ff4ecd81df16724e7bb42fdada057cbb3b387b17fa45699fc34583179f1b7ffb7b63d12e0037e20bfd1b8bfef5847d8adf9269df6338f26bb33ee29d73fe4868f9a3202116547cf416179fed3e3add5b983fb2bc3e70f9f4f1f5217ff7853756f9c27e63f66f5befe9dea2bf13c0ed356f01d367f57c27976ec11711ef281fdedd4741fc38410bd7f485dd62bfd3e59ea33e5cb1085c609f7b1527623b019f397fd9ee048e94fbdd5f445cc01fdbdd47414f3cdd1694f10bbbc57ebcb3bbc5e09798fef9f69ebb00cc78e269ff6e247d56ffe2c51d3e2633d48f841edbcd47417121ff697dc396b1d8effd47da9dc72d007f116037bfb4f18e7123bf13686f8cb44ff3857de923ae6b475befe9e24e205f1938ba39e0e7fd78b717eff4e2639c7c75d36776f963015db14f96878e8c1fe504468dde79ceb7b073bfc71ffb103f6b9ede29ade8c0cffbed055e1793f81827df4e4fbfcde517f07b4f9663e347398151b3e90bbba99fbd5bfaa756377d367cf361e7193f4bbefe5f09bd75f0ef4ef0b18defbbf818277ff13a2d92fe91d043f7de357f94e39834fe1b38e3c57eee67fbf181bb163e15b87988397caaae11377a0eeb7702bb86de99b477957a97d93e13c6edcff4c7417c4769d8f88e445f34b5cfb1f5f9f5d20b15fdf41b41e22efdcdc28a25d83ec6477a7531c1bb157c119c3e5b7ea04cfb921770c3d267ca84ff22403dfefc2dafa5dfdd463ffd164b3ec6b7f2ddb87ea901bf9912bfce1c8f7ce1db83f0bb707c4caa8f48752c4bda0efe865ef7a5ae7fb18ed186bb6ffe5285dd8bd5ef851e386cef58975e4bf8d848bf11a47e4b7fb370b3a16d3e59d7881b3f87f4c67acf23d6fbf8ff046eca5f0cafb8f5b8317f70b4e2ddc07aecf627f8c76207df6feba67c9a7df517c3a5bc71fee577f7ef0456ac58b1625f032bbfad9b340cec7db4f59eeefaaf88ae58b162c575011fadc0c8dbf318d7fbf54e60c58a152bae13e98df59ec7b8deaf77022b56ac58719de0f2e9e3bd8eb6ded3bd457f27b062c58a15bfb5d8f7df09e42b03472b56ac58b162d758bf1358b162c58affaf91de58ef79c47a1f7f27b07e27b062c58a15ef14bef273f9d470cf23d6fb58eed73b81152b56ac78a7c0428a05158681bd8fb6ded35def0456ac58b1e2ba60eb26d6d3fdb27a8eebfd7a27b062c58a15d789f4c67acf635cefd73b81152b56acb84e70f9f4f15e475befe9ae7f27b062c58a15d7877dfe9dc0c7ffe844f9e7f6c0bf1e8af18a152b56acd81db6aebc628f73fcd74331de0fb874e1e5f2c6f99f9737cc025b7ff65fff875d0f7049d0b56ccbae10f8fd5158dc1964bfb164812e9f743698f45476f1ac8f74aa673fface4216842e5fcbc9071adf2142b5593ffac6725ae4e1473eca243dfb64bddb4edfea855e03ceaef119a882164fb6417c63a73cc33be8431736e89e6fed7b0b9efdc40876b17e12c8f5bcab32b6d7f7f17cfca39268c1cbf5445bd2e73a5d7eb096368bfa6ed1ef9af44301d735bd81e1d6a0e9239cea85de7dd689bc0a757ce951a7f7d187741aaf1336e921e8eb0df980f916e03097a7ad7c05b6ab57eb9ab5010535be38bf68e4fc30cd952ef8d0479db0161ffbb7fadbe75b7be7c3f7fca3775edef3ff94f4372f1ed17ef0f9db45e05bd826028906dfa309bdd7c01d024b7edd4543bd19035d3641fa9950bd893f968988c0f9d986f78d1b7acf906921eba080d2f3f6b21d2c9cb99df39170e4f9a5136c13a66c94733b1e8f5151d3813e3dba158be7496ab3c3b417fa464076aadff9a27337b93fa4a9d7f108751bb1be15083da3837ec4948e0938bafd1cc72f61d20f8872ad4c0c02f2db76e58a2ea4aeb9dbc169c90e91ae9ef6d776c86a2202814c60f9254220b6b39775e8e9dd7497119584edb7d76dc0d3d78279f3501f856cccfa75403b1dcfce9fb143b95ebe50ae6dbf9ef9db41005f1808d185b5014e8070652ae2c490ce7dcc0c4ceaf0429382757de4b2284fba17a0adf3819e0111e2c411cdebb4b2ad8cdb5e07d7e7c302cee43c0159e9f0243e02d96a7344881da9e7e80322b2e09be76eb4433a08ac473e2c0324aa9f6cec3f15e020ca8b1e83b02cd7acf4c8431716407d7b465e01950997d6e7e5847a5c50d789f5f870be96741bd3754348ed7a245847963a1694edcf1b16567d78a2c9d60007b4a18ff96bde2e301bfb4532b7de8fb46c0d512722dabfaa13bef4290ecbacacb6c3a104fbca42df2c13518fcfaaa079a8bef63bb2a99f684d0e244bbaa1ee17d691ad42b37d3def970ab63a6e414fb60bd0c8cfb6ee2f0236ea7a3f5a78cd061d7e7559cf0c7d6d4f25baadfb8f42f055bf1532ab02b40a9b05d9fdb6fd0dccc352d05bd2ddf7026e9dc7facde6fd6b0cb780cfa7daa95cf543a6fa70dd669f34df7e5af9bc13884410c30406b7a2c6f3ccbc8e1a2cc369222c10358f99d0b549e8593362c7f78d1b269dd336f50b42dd5f03a883953ba1c555a75a6fc8f96e83299bcbd0e4c03c93ea0de96576435fd7cde06e879aafba5c60f3fe0c0c74d984165e226abf6e731a74ec4540e8c7072f5c1da7b1cf6eead8c308f33c7240fba3bd2e172a7ad8a7a57adb604e7b01b7dc2ef7768389d797ab84e66e20387acfb0813eb8db40ccba1fb9a36a78b239bd1b4c659602e984cbc7b35b6f77402ea7c13636610e2f09aeda9d8055ae3b8816061314dcad104f9661d8d850eae48b85b8accb82a6386508c01521765010f2bc5a1be405f1c526c88769769c9facc0302a78a0ce4734d733a33cadea345dd643e7f543472bb09e06f6049dacfacaf6db07e4f9869eaeeb92b51fe941f0ba9d1e1e89838ec62cf464e2893eadf1a40b210cea6797428109c569a9e7c01bc1625e54d236bd1744dc0b385df1aa872b42cc3bea49d82cfba31f64d4238c8110aeaba80b2b2361ab13f3f578b5d293ae0a04f5b4f66461e93d401aacd7b100b7c7ad0bdc821baee5cda24ed880e6e316be1198a6302cf4cd72bbe079a1b08054ca03ad1e5dd541bfd1da0fe7470b0504a81316407f3c932830ed3e4cad1761d555447e67c1675dccd36dada77ecd820fd77cb9445840f524a745bdd16ae0f558b059fb517df09b15c0734b5f65225ecb72c070ed13befac0454016fcf0c1573f09c877bbf538bf180658494347ef35480e7a1d9951c168b3844c5f226ac28900014c4427fe62998a717e63814997e8ec5bf502772c2da238607d85717e23daf63920a805e3c06cc694cd816ebed9262f0601a507768632ac5b753618e639eb7acc7d23203beec711035d3661daaf1d21cd7fa37e7b40cf1730ca98be3f4ead209e17cab784a393133da1df1f73c56e736c30d7ebb17cdeb97097e75dede7b6c340503d040259d12a6459879c60bdce9df93523b4ed75db15703fa1f76678958a79f352807dc297dde9788e98ebbb0516e4a8aff528d24b0542a8f9b4acdd09308e103ae3840857a6224e14be20c2c70e05d34fa476250d25e21a65ba17a08d1d141b1284a82f9ad769659d153a0c10816996577e30615948f38312563a3cb98eb466ab9ecf9a9f74988f464d6f1e0b8645403a7aa8c7402f5019d5533f407d806aa9e7a0fab53ecbe6f942ef9669b79186515aaca843c8b23e755e9761581b985f5d18b323a497555ff94ddf2cf70be105cd0e74c5a30e6922347d12543d6c9a7fb5951d2e412b217561a18fed609c133220ee15a20ed3c8494e1f81be1e478ad3461df93a4fe051482bb92ce701afa52b721d5af4ab75e4b35fb2f5bc4b566cd45179d26951cf03eeab7cb3ed3c0460a39ef7a5c573b341f774b2a887b4fac67661c46727ca3abf2f60467d64dd079975e94e601e96f564abaf007d5ad683755ef816d0bca30185b478067299b0aa2f5f010e68551f9e08515fb6f9e4e399852d9f2cf94ccbd79d80f815835ba1325e18338dc2f6d3dace705a2a608f04e897089d2e6143b8629cdfc89c744eeb641d44d03c6750072b77428bab4ed7c8ac0ed0664cd95c86ae073a9bbce57498058858b777d00536eb85b96f1fd8b43f039be61d58deee46dc59bf3df88289e3b370626c28dbe0840d728308d88e78212f22d5d90e4e4b5572a44da4dbae6d90d51d7222cad21d12b40d53747bfae84ec8fbaded3f2be4db9926467836dc1d31f17380b60f4cf3a0dd8c8995030bf239bd24186d43de2d99a63b019c10661070b7224e149e3861eb0ef60d773d7640147299f331b00765d0c11521765c10d44ffad0e99d8520bed88437924e769c9facc0300774a56b74d733a33cadeae4ed93051f3aaf1f3aa645603d0dec09db454167fbed1b6cd5d3759dc7bd8ff420785d5ad26445ac3a5ab960b08e229ea71e7d83a87ab42019e4aa02205d6f99868f32b4d05349dbf45ebfdaacb747d5c315817a049ca0bed9da330ac8a54f6b06903e81049866a1575f2f90e7cbe7b006c9aa95aec9548f19e56151df7e5807790a90859f6caa43449df00db13d75bb6a3d1588edd03c9a0d80451e2d645eaf059a65d96651867d590f3cd4090ba01f9e6509a62944427177655537a07ac9a22febf596854ca8f9793fafcbeda65a48e5c5a7a5a18f7cc4995040f56851af59d5079f047b6e1d54c6e7635019f96481cffaf6a8f5e5ca2a4f4b5ad49740f35cb266dceab8d375190bda9dc07f8bef0414df0eb1e151a94d68197d43b70975870d84ae4d42cf022222c4862f3181de3338adf50b9dd06fdf42bdde9dd0b6cfc146b0f6e001d9bec0309d1a88b0ea07dafc6ab41169737b210882b657c7b509dc26f4de8c769e98c3861af4f56774f400031a06eafc2a7ac2cefaedd19d47ef68fb9b6c416efab61f16f707dc98f7827ec4948ec65e00db533d8bef78deb9ad50996adbfe89f040a00dec6efb36a985c8087dbd9d0b0cee842ca3653d8c1c757b15eff6a7fd4cdb3720a965631018e4737a49d055b447c08fafd339bff097e806fedb414830ef424007bab7bcd2b3a0363caeac6824a0a1464eb3813d6811802b02f50c88a03ed277572c803ab935dce9e0fafcc0f0f9c902b2d2e1497c04a41bf47cd6fca42381a3a6370f74832c02d2d143bdaa63804495818d7e82b39a659e83ea53673f88ab4fe815a7050da148bb75397952399f1679cdb79b37fa8505897a9a0ae607cbeda2cee3d47b7db702ea378ba8d33162407a782426bdfb2c30d45101d7bb55c4f51af159c2cee6f3c80b3a5bb6cddfa084fad042df5bd14518f70379f6a3b4e6cf7eb4d0d3adc8fb21accacb0f01fbb21ee661165ec4534157358b740cc2721ecdc6fe81e13cdc0741f3421f33b479fba067b8b3aa43d7f5806cabe77e576f2ce07d61232d778297f37a8365bd4af07a6e3dcfbaf68338e743209fadcb47cb01b2b04aa8be2cdbc3471abe94f45558f3e82d92f2357f789e77df5cf1dc0dcb3b010616e0fc2a8c8126a6fc121a3fd9046de04ca8f39df88b652ada86f6cc8d3a4f0cf48ad8f17120468cf31b316d5f9e9f591db81959450c81e64e4ca27a396d966ddded2142bfbdb3c0a3e14ea8f9bc9d5531d69fd1f431b047420b674223564fee849ebd193a2e73fdc0ce7a7bdaa6d1b49f47a2875167e97510d8a0ee857e9e2df2066cae678f48b0ec1018acb64fde2286c4465e45aeabeda90d166c4eef06594ef87eeb6c6aa0e3b67b54765f26257acce125613f9f2eba445bc098d6bf228a8843075a5685cd6a40221bd3a29025480f5b69f2116600ae08714083a07eb0d2c9222fe40d25c88769b65eb939afb0a8ea618c4497aed139503b11627e759e0c67bdeb80d031ed7ad46300be6f1fe6936cbf7dcd222a3d07aa1bd67e9887a55e0aa4c34a079702e950cf5d214622a89fcf4f02eaab2b536d407c59e661d9c8f550b8edf6a74372f5697a0c18263f6ccd6b4482fa87de2d0b304c56d8a60798717d6feb7eede62fb0be57005c966ccc9f440c6859879ee62f1f89b04cbb1bdb219ff51c7d1de47d7b28942f7db3d81e65bd502ae832e6fb7a788a7abdcde75dd8d81ee961954598fb0b69b8a2c9a5453d66f03459f63562abebfd19569f66c1876bbeb94b503df16451b7c5bd40b58cb31ef2b2da7ec0e7c10a82caf87c0c9473600f0c22e03eeb866578d81f2cd4049a676fdbfe76cbf94b269ac5cd00b42d6d56db0f6c7d267d273022768477a0af02cb50630c924dd0062702eb26fac41fcb4444881db2c4047acfe034b6a50d9d103b46ba857abd3ba16d9f838d60ede1fb6f09a11aa6433e0fb08d5526eb111f8e4723d2ceed82208cf53a81bb512e23aa549b274e5d9b97e6df5798f5f614a07ec80f0ad6072fa21824f46cd90e6c90f6eb38814131ebed019a63ec3f12a6fd3c54dca17dadd66c8c1cdc1e587b6c739e05a6ec542e9d771657bddac06d603ebe1d8dfacd6a2132c278bcc7eda39fd07b33bc4ab31b0332dafe482f6cdf004e0f3a1b77e5b24d98d3310af40ccec75c797e7cfb020da36f18dc0907dcaaf060756531df6cf8c8622202e21a39cd06f6a04500ae08b0d289a00d915e1bc6b0409d5ce930483aba3e3f3039afb080ac7478121f01e9c2773d9f353fe948e088c650e9006dd3d1a26ed5c9e77ce0d2c67c05b16411159f03842b9ff342d9ca04bc1ead473d4d39ad744a84553d7aae97eb42f683eb75239d205d6fd508d6e35e47fb53a328447a677dd0e9e1797d0a99a0adf54997557fa6c50e6b0fd607dcaa9fd771bf1e17c4a1a41548e780aecaa07ef5355f1210af7a11b41d4c1842e8f336c0a6f6e2b90f489f2cfa61e405daf698438bf94481d88eb092313b045887aef4ece771d5435ef1ae2ef22cc040d058362cebc0a5555d45e4471dfab59ee26301f260418e30c603988765bdc16a207dadd77c6d3f5c8f5309a07fb65e863ab118e74056f5e1364b3e2c695960cf5e205bce87f2e677329f2f7c9779b546ab20a159d4ebee04421085d2c01ef13ca3a3357a45bfa1a99e99d881193d6b06775015cecc49e7b499ae800e886c87acdb06d3f6f9fc74c036ebb38a18027ddd86299a036637cf5784c5f9266c926715e1db297decc75de8ebc01e0973384752fd99486c0837f87cfbf367c6c63a9ed82ccfcad8cf0b70da86f615b99a90235ea099c45bc694f732433973874467472f61a0ef3c2f11755c637f6d2e90b3bbc1c4cb056835e8fbef8c41ded75dc0e6f476056c3e79fbb7a91fd8256d4029ff0f37844dc951fca2d10000000049454e44ae426082),
(21, 198, 0x89504e470d0a1a0a0000000d49484452000000cb000000690806000000942fd7d6000000017352474200aece1ce90000000467414d410000b18f0bfc6105000000097048597300000ec300000ec301c76fa86400001a5a49444154785eeddd095854e5fe07f0ef999933c326b208a288a82c82b8e3aea9984b89585e35ff56929675d56bd7d4bc3753a1d2db7225bb6ae55ae01ea2a9282e95a8206e78052c564101110414509075667eff33cc00332c32155bddf7f33ce7d139f3f2be67e69cdf79dff7cc79dfc391000cc3344aa4f997619846b06061183db16061183db16061183db16061183db16061183db16061183db16061183db16061183db16061183db16061183db16061183db16061183db5f05dc772dcbb7e163773959ad7ba38be13fa8deb8f4e7fba10562273df02bcb485c7df8f6cc64b56ec1cf587a40a969693473b9e97a982b3de8533994efb9f6892ea4b9e4a7b164ea0892b8e09b9b755724a593f8a78a9076dca5068d6317f34ad728a1399cfc4ee8c1ce4e4e82eb9a9fef88b912691de9e2035f23cce47dd4379fd15561b2046b7c527909579046ffef9aacdff19adb3e738294c2cad6065a5bb585ab6834c9304650f91969484cc4221024aef2132e40002020ee0645416ca34498062e4a4de4541b9502d953ec09d5b89484c4c44525a9efaed7af2f0df19882bd95a51a5c847d2c563d81fe08f3ddf9f47429e42f38686761e4f527139781f02760721343e1fb5520a49d3909494097571910839e08f9d8157a02a4e59f2180f1f3e46a9aa0eada2c843c28523d8f7ed37f03f701c97920beae4a9a2c84fc2c563fb11e0bf07df9f4f40ed4d645a88a6866921ea6698c8e215fabe44b3aa01153756535f5e4613567e4e339d8c8837302123a98838517b1ab8ec14e5a85a33a5a1b4b8bbb84e738e1fe0a393c7f8773f262f7b0392c84cc8d8c88d565c2eab7cbf307a1bcde96346624e4c32131332907024361f480bbe4ba18aca14da79aca3c976529218189321cf1127b1a2912b7fa0ecea565505dd58dd9778d9787af7632fb2379008791a9391db0aba5c56b719264f3b440bfb9b918813116fdc8e8c54798a4cc879d1712aa84ca15248d1dbe6501f33317162199998089f41d856f3810be8bb94aa2d5429a0d0f5f369eefcffd0c552cd2aa6c9b54ab070a663e9bdfd07e9e041dde5d08564aa8a21f541ca91c4b817bdba3d927254c746613ced7ab907f17c1f7a3f52b5e231ddb97e9016b9f1c40f5b49a72e5fa6cbc272e566866e1e86ce346bcb55ca56c548690115088528728ed11bdd79321df057da753d87546f55645fa12fa77727a9e918f28b93ebe621b5a3c9ff0ea72c21a122ff2605cc75250371679a1d789fd487bf26583809193acfa22d57b32bf32c2d28103e53ed6029a5d0c5dd89377b867cce66a83f73593edd8ed84bfffaeaac2658149473ec0deace9bd280bfeea2eb39955b48d957bea4e9dda5643ac68f349b2824bd4f5f8f9712645329a050b38e69726daa832ff5d84455fd5ff5412aa62e6f9c10ceaf35e4bf7c4483782979fc275db32296d60ee2493afe6bba5f7d965753e72122ebd9076b75fee574cbef19a1867027df18ed33b4e0c15e9a6ec1539f559195b54b55b0983eb795d2b5f37f1c42f3bb8ac968dc664aab5caf09169135cd3e58fb5243ed60794cfe5e06953560ede2abc96f91df3386c4bbfbd649f360ef74b2104e18ab2a4f182a4574d5df8756f9eca128554c31cda2753af816af406886a9025567290b7d1bb63a5b2481dbe02130d1bc521177e9021b11e1517ebe664d63843c868f407bcd2bb5625c8d8842999108a9416be1ebeb5bb36c8a409e4c89db71895a7d2309fa8c1b8fcedadbd66e0cc60f6b87b25fae235ae8335593b861f808ddd2ea32c4a061fd2089d984392fbf8f2f0f852121573b1341f155444495c148948aa0b55adb272c9b22f22053de465c62d5161a63c8dc0fb1eec357d15faa59c534b9367f698697d6dafb220e9cf08f2ab8f4c3c1d8c444f7832a0b9157500e2abd83b0a04004066a2fa1c8347584430719e49ae4aaafc9d4cc1c62cd2b3509cccc8c81a2c7951dfa6a9c314c4c1afb5a25e8fdee7e1c583d1ed24b9bf0ce4b63d0abb3157a8c794308845ca8b25316e6a1a09c507a270c413adb272ca199307574400759cd1632cdafcd074bb31099c2d25c26d4702f607374021212ea2e31db6768d5464a3ccccdae75a5aa140f721f03ed2d60fe5bbe45690fbcf0611022331e222bf60202fde6a1c79dbd58f697b7713057296ca225cc652258bcb019d1f56c5f42420cb6cf68ac06639ad29f20586490c9849aa6a40845fa563630c2088f2130cc3d83c093ea33f9d3c9f1f3a91348d68a1665ee691cbf540ca381c330f077357d64b0721d8d994b3660ef7ba321ce8bc6f55b428d6134021e430c917b2610271bb8e3a18612c5f9f791753f5f0861a6b9b44ab090fc1eae1d09425050ade5f059c43dd224d297d816bd5daca18cda8bb51b772150c8e7f04f719a371b2242b7d7d66041af87d8ffd6542cde7a063fa7e7203b3d0151170e63f30a6ff8863cd1a45553def81cde4bf7e26a6a36eefd721cfff25e8ec379dd30fb6f33843e942691be94777160c5eb58b5ed182e4627e19e506bdd893c8c0d076e4061da0bfd1c24c22676c36b6b16a0d7c3fd786bea626c3df333d273b2919e10850b87376385b72faa3751998b5d2fd9a373b7b9082cd2ac639a9ed0f66f414fbf1a067e60f5d529f55528194df9b6e657874a8ffdc94bc6d3009f68cd0a22f9ed205a3ac1953a9af024e2b83abfb3d4c943a3223d847cbc9ca9bd98abde064e6448b6eed3c8ef92fa078baa3c9efb603bbdd1df8c249c269d91234ddb18a975a5aeea77962954b7b85a57c314191430bb1bb593d4940b4e44865d3c68c5d1342175950a4a0ff1212fe7f624d694abba9d4f64684beed3fc48b389ecd2710b61d3b70a8ab362111d9f89126907d8393ac1c1c6a4ba332f8f5a03f7a1ebd1755b368ebf26425acc0ddcca93c2aeff60f4b4146a80dfa13cef0e126ea5233bbf1cd20e8ee8d7bf3bcceacdb258e8d744233eb344486707472707d898e85e6e609a1f0b9646e804cb3cd6a1fe5ff627e8e0334ccb60354b2394b9571078f0064cc6cd87972bfbc5ef7f190b1686d1136b86318c9e58b0308c9e5a690c3ec1b0eb608c76b3d48dd6e23bb8129e0479f76118e5ccae3c316d4b0bd72c8538e5f302264f7e1ee3bddec70fb57ead57641ec4322f2f2c0c48d2ac6198b6a3559a619c44022e751fd66d8dab77182dc3b445ad122ca28ecfe3a5b13cae6efa18471abd49504589a2b4ab08391000ffdd87f0d3cf39a835faa3d658f934f558f93d877021b9509340c8a53005e147f60a791cc1a534dd7bbf18a651aa3e4bcb51df1b26eef216059f7b977af132eabf3ab272f8ad8afcd6a7349ce7a9f7ca6b9a350245269d7c6f0c75927224e28dc8d840ac1eab3ef34bbaa1751f54d53d5ce3fff1094db53720ded0443d565eda85a67efd336586fad0581b9e7823f5587bceb8372d0aae1a12ac5610ba9ee6cf9d4fff6103d9997ab4dad530e9906578cfcb14bf6c59877df71aaa5d14b8b3f34dcc597f1dd673f7e1e7dc42143dca40d86763f0e4c852ccfae78fd0edf694e3fcd7fbd1e1a36bc82e2cc4e3bba178af7f014256be88b10b4231686b3cf29f14a220f9105eef92881d2bff83ebd5559412a50967b03b600f42932b34eb18468b26685a484dcd725a387997457d40ee063c392f394f45c2bb756a968a18f21dc893a4e7320ad79e0d469145012f9a93b8fd8bb4eb817a95ba661193dd9b272bf3aa92b3e37932e478eab726aa724cbd9a9c62d70e225e3a96be500fa0af5474d59f7c56f9d01e36909da947abd52c2ad2fe6f63d54bd6b8edff11be49a9a7abff240a51094a588f7a16830d34eb5444d69834c11de2a29bb8fe73cd4879d570dd5eee8360ac79a5d2ceda1aed44a6e83bd04578b78a189d6cac20a247c8cfafa9d58c87ccc587eb3ec4ab6c203b538f560d16c0025357be83e1ca306cf8e4341ed56a8d2955e3dbe51c4ccdcd2bc7ddd710c1d4c20c5214a1b050f767a23a63f63911388e07cf6b5e6b709c2a47a550b3aa5f334c635a39588473bccb5fe133a72beeed5f8baf12746b1791a939cca484bcdcda437f957898f310e59c19cc7fd3007886f9f5dac091d60e1eff5881f1b2ff62f367a7a133c191d1600ceb2bc1c3f3c711aadd9357a4e158f07528ccdc31bc4fd3359994c5f9b89f751ff96c203b538f36715a16779b8b356ff644c1e57024685f88123bc17bc974d864ecc222ef4f7132f61eb253af61dfbb2fc3f7bc1c7dde7a1b9e4d76578c12b9bb5e827de76e98cb06b233f568236d18030c5bf61ea6d6796e8908362f7d85c31ba6c1386c35a6f4ee029bee4331e7eb34b8fe6d170ef90ec7af9e749f617ea33fce789627f71073231ef72b8c61dfc71d2e56ec8a15d3b2d8e02f86d113bb94c4307a62c1c2307a62c1c2307a62c1c2307a62c1c2307a62c1c2307a6aa5092bd4777a719c04bca1312c3b39c0c9b1238cff88a1ab284266c24dc4df7d0cb9a51b3c06dba1e15f804a71ef6a084e84c521b3588a0eddfb62f4c471e86753fd8ce61a4529b8147117ed078d869ba5e68bf91565298a329170331e771fcb61e9e681c1760d6f5551ca2544dc6d8f41a3dd602992233ff90ace5db886b8f402c88d6ce03a7232a68ceaa67337778d62a4851f43707812f2c4d6e8edf122a60ce954f3d4690d797e32ae9cbb806b71e928901bc1c67524264f19856eb53395e7232532029763929191938f12b44367b75198fcfc30d8b5f62fd0aa6069390dcca2cf7124b570268f799fd08994461e63dc10792aed59388126ae3856ebf991cda42296be9ce6421d8d25c4693e8774e216ada717d7f2f81a6dfc8b13198b24d4ae9323f574e844a63c47fc88cfe856cdb4f9d51eec9e4666c613e82bd5acfbbfa2ac8ad82f699a4b4732ae9ea15f4a13b764eb8c08d5f580764f3323e3095f5186229f0ecdb3230311479ccc9cba3abb92a38d31893903b29fe247576a3f1d409e46416ff52153e13399da3a93532713128b2d68e83f7f503f4d5a23ffd03cb2331011c7c9c8bcab33b93ada90b1982303fb29e4572bd3bc1dcf934c3887f32636d4c3d58d5cba9a9354383e8c1ca6d357314f34a95a47ab048bc87c26edcec8a19c9c1cba9f914cd1170ed3e677bdc8d94444622b0ffaf49af6f02d3d3de541accd427e87823f5f4b5ff87f4fa15776d2ec8ea28683459146bb677426de6c08bd7338b17a709afc41341d3e7851e7c052cba7ef665992e1980d745b1548bfa22cf99d60fa7ced17e4ff7d285dd9399b3a8a1a0996fcef6896a5218dd9709be49443df788fa6d7d707536c9e2682e53974719d077510f1d473f945aa1970ada0f46fa692a5d89486ad0aa307aa022a32e9e4dffb91a1d8965e3bf2509d4c90f38d378d7e7d3d05c7e6691ea7219474711d79741011df73b9cee3c89f5c0ba49da762e941f548bd324a3fb59c0609c786d1e8cf29b19e134b4b699d60a9f739f80aca0b5d4efd0c39920df4a11bb59ed02b7f9848974e1da2dddffad38190ab94a6134f4f283bf9342defcb133fea23ba9c904009c292985ab3c32ac9f32831fc28edf3ff96761f3e47f10f9be89b2f09a1373a357c003f095d4c0e12237a667d82d6b3579ea2f008797734a0e19fd493be91b2b49584bc419d1a0996c223ded4d160387d92a02e49515fc2b2305ae22821beefea9afd228fa78f87f124eebe887ed2de970587e9551b31993cb78d32abf2aa3f530a5be24812be2fadaebdb3eb7840db9e931167369b825ab1726943bd0411cc3d5663cdf48ea8b8b91fbb2e550d8e2fc305df51b0b773c548cf97b1f0ef0b3167ca3038398d836fa8669c4bd955ac9de089cf6f56a0e2a20f86bbb8c045587a4fdb5899834a51cc76780fe8815ea3a7e3f5b7ff8eb7668d436fc7215818785beb41abc0a3737e7873de9bd818a13d02f3f728c3e5a060a44a46e0ff5eee8e4771e7f0fd77dfe1fbb331c86a60284071d8099c2d70c3244f875a0f7d6d6ac5083b7116056e93e0e9a02e4954ef11218644f536296ba6ae2ab888f01805cc463c8b61daa358db8fc5b3430c507ced022e577dbefa3385589d29948dcd87559e8e8cfb4a883b7785ddef7b24ceefd2c6bad466f0f0180403453aa2fe9ba559277ca99d9e85cfd19bc87a5c8ca2c222e4fcfc1d16d8dec0276facc18faabbe96583b03ce80016b9f1e087adc4a9cb97715958c277bd55f9f7cadc60bc336d318e4966e1dbc82c3c2e2c44e1bdcbd8382e1fdfbef53a36c657edad6698b4429189e85fb2c07532c79d3543e1d0e759cc7ce515cc183f000e2e93f1afb087b506b695e14ac859e43a0b07b06b331f19655710723617ce933cf1b4a20a2f1ec0f11442e79163d14b93ae3c2505e9156274e9d1a35667de04ddbbd94054988694aca74441e1451c389e02ea3c1263ab32ada6c0bdabc77028e820f67fe387775e98810da9bdb1e8d32518dc9af7cf6a6a9816f2b466985aa9d074e82cae351d523d4a7e58405df9aeb4e0474d83b7c13e8b9c6ef93d4386bc7bf523f8aa3dd84bd32d78eab32ab27a328bdf3469c5d39a4615d768a51b4f9c48689f77f122bf0b1954a228a1f4f3eb694a1709896de7d0e1ca06bf4659382d759292f3f288ea29a274346133ac2c7c2939499d697944c39f55917594e63b4b496c338d02526b1a85a53f2d227b613f8df82cb95653b182aeafea4b3cdf8fd64435d0bc5264d1d1f9ce2415dbd0b480d47a9aa64f2868b659f5c50c8eef4c1eef1da5df7aeda7a9b4b19a45f866e40ac885af482cd63adb94a5236ca72f16bdf2229e7bd60363c78ec1a4f7cfa040918d8cbb8d0d6b2cc6d58828941989901ab416bebebe35cba608e4c994b81d97289ccfd59a7ed20a0924c247216a87491f6cc3d2d1b6301019c06ecc326cf79d04e3ac23f8f6e883eadaa53cfa04cea4d962a2a7fb532e41378572449f388334db89f0746fa0a44797b06ee63cf867ba61c9ee6d9863afd528148b2a9b25ca7ada504aa5ead3881b687d3dc2a5753331cf3f136e4b7663db1cfb7a9a9a4698b13f1f4a92a328eb26823f1a8af42f6660b4f75ea437d6646b466d2c5894c84d4dc32312c3a64b67f52a791cbe7a7108c62ddc841f52e530ebe200671757b8385ac34038f55494d7999b5297b2107905e5a0d23b080b0a4460a0f6128a4c5347387490e9f45b9a94c8021666c2864a1c3178a895d6172e82d5b0217012972225214553be1cf12167906c3d1e9ec3ebf9eda529c9e311722619d6e33d516f514fa2f0c5ace9587bbd23e6061cc3bf27686fbb100ae6163013111ee5e7d79a82578182bc475072ed6151677e842788fa6216a6afbd8e8e730370ecdf135067bc9f0e318c6dfa60ca7b7bb0655e17dc3ffa05be8d6db63dd5a8b6152c425f25f8f87594f37d306a9465e5aab28b5bb1e1a7128cf1bb8ab88813f86ed74e6cdfba159b178f84ea186c94c81496e632e1987d019ba3139090507789d93e03cd3667bfc8062ece56c26e173ab2ba9d1321901595358ad04453bf56dcc289d3f1b078d613a3b43bcdcd4071eb044ec75be059cf51a85354692cb6bde2857f9e33c2cced27b075ba5d9db3bfa4870b1c8c94c8484a1442408bf201129272002b27f4b4d63ebc4a11bbed1578fdf31c8c666ec789add36157b74a6980217ab9768758998d7b99ad57b5b4a1602944f4978bb0f6dc135879fe0daf697a9c8afb59c881157af7efa6d52c2943ccc9b3b8a3f3bdc92013ce9054528422554bb79a1146780c8161ee19049eac3d4b4c5d4d3f69850c23278f4307651222c2ef69952f1c686111b8a53041af7ece959f4d911a82d3374d3076f258a19bdc9c14480d398d9b266331796cad92e4c9d833cf0b6f9fe4e0b9f938fce73868cdb7a6c5782c268d344671d8511ccfaef9548af423088e94c372ec248ca8aeb1e448de330f5e6f9f04e7b919c7fde740f5a87ffd3d42e47f93a01075418f6ebfea0f9b94f80381e6ff2da01437f67d8ee369edd1ddd118f90971888d89c4f9137bb169d5db58b1230ae2a12bb067cf32b8b753571b1c9210bce328ae6519c26da003da97a7e2c2f677f0d70d97515846e83665195e1d642c84bd111e5ffa06fb7f4c46819111ca326e21318b43af1ed63073b547fef11dd8b1ff1cb24dedd0d5da54f8feefe256f4051cfaea539cac98080f67d5e1aa44cece17603f6e197e717a07b39fda6f51222bf238ce5cba89d8b81b38171c8e54a91d7a5a1623392e010f0d7ac0de42bd63653d7aa0fc477ff81fbd867287fe70b6acc09dd3ffc6c27fec436ad705d8ecf722ba4985e0d9b706abc37b62d9c6d7d0d7b0f24f35f42f0bca2c441e3f834b37631177e31c82c35321b5eb09cbe264c4253c84410f7b588832b06fcd6a84f75c868daff515cedb55f2707ac904bcea9f0aebc94bb1782821252e0e719a253ea518e64eb6a8dc355c3b3877ba8f43fefb70ea1729dc0638c0f07e28fc160afb2fc305cbb77d86499dd55547dee92598f0aa3f52ad2763e9e2a1a0949a3ce3e253506cee045b55a642cdf1fd87ef2338430409c7097d1e39f26e5fc111bfc57877472c8cbcd662d3c20168af4f8ba239683afa2da4d6ed2e1c4762de982cbab8d030cfd7c9c73f8232eb5c9829a08bff9a40b6b2aadb373892d94d24dfadcb68202fa3495b7334e988e4b78368e90457ea68c29348c89b1fe0a37987a8223d847cbc9ca9bdb82a1f102732245bf769e477a9ea276405ddff7a3c4921a3a9015ab38ed7ab848e7a5ba9ae9054e757b348c9635386269d9a3cf528bd3bc696649c260dc793d5a0376957ace6128f2293b63e6742ed3c77d67307c2af28abe428795b099d89fad24a3d68538642286a2b3d67d28e3c77ea4e8c4ef2385a3784afff6f854564e54d4775ae483da1981daf521fb3aadb7084efdc6a082d3c704beb4a9e9ce2d60d21be565ed58bc88abcab325564d37eef1e95b701d5a4e14864684b23e76fa3ebb56fb769617f9831f8c5593771fd66262adad9a38fbb2bac7f63ffb7382b16d1f199289176809da3131c6c4ceab91ad35cca9193f05ffc72b718b2ce6e7077b3a9ee2f28730330cd69318a3f4ec49945b6cdd83e562237601a9c1617e3e3c4335864fbfb4b5216a523e64612f244d6701dd8179d7fe70d8ff2fc54c427a523bba00462535b38f77185ad49cbeda586b0092bda0879ec5eacde9286912b57c2ab090ee086c911bb7735b6a48dc4ca955e68d6a2fe6458b0308c9ed8798561f4c4828561f4c4828561f4c4828561f4c4828561f4c4828561f4c4828561f4c4828561f4c4828561f4c4828561f4c4828561f4c4828561f4c4828561f4c4828561f4c4828561f4c4828561f4c4828561f4c4828561f4c4828561f4c4828561f4c4828561f4c4828561f4c4828561f4c4828561f4c4828561f4c4828561f4c4828561f4c4828561f4c4828561f4c4828561f4c4828561f4c4828561f4c4828561f4c4828561f402fc3ff1fcc179685d1ce40000000049454e44ae426082);
INSERT INTO `observation_images` (`id`, `observation_id`, `image`) VALUES
(22, 199, 0x89504e470d0a1a0a0000000d49484452000002da0000020f08060000004d1d79af000000017352474200aece1ce90000000467414d410000b18f0bfc6105000000097048597300000ec300000ec301c76fa86400004c2e49444154785eedddcf8b34c97de7f1fd070cb2b1b433d268b4b31e1f06e3830d06ef6d16610c3eab114663b0d04d07c1180432a84073d0453a0ba640601003628a45e6b90c0259508747a76d064b977d40e7417f81cfb919bf32e3c7372223b32abaa32adf8717cfd31519919991d9119f8acaeefe6fafbdf6da00000000e0ba08da0000004003046d000000a0018236000000d000411b0000006880a00d0000003440d0060000001a2068030000000d2c06ed0f5f7e6ef8ec33ebd5e787f7856d00e7a5bb57462f3f94b7891d4e8fc3e3e3e3703ac8e55ba836cfc707b1ac27f9e37c188ee7ebf449ebbe78eabe6e71bf0000d04255d07ef5e2bfa765ef7f7e785508552f5ecd659fbdfc4255bd20d447654bb2fb1bf9e1efb3cffe74f8d02bcb593a96d2fe4a6a8f53ecf38c6b9ffbd2b55574bb85375eea98d65cbfd71e8ec339179e0e271dac8cf3707c10b689a9f6cec7e1412aeb49f6389783766dc06d1e849fa3af4bf70b00009dd81cb45fbcfa93e1c5fbf6eb0fff740c64f3d73aa47a814f8532d746a95e4087bd4c59a4bc3f21ccaf08c65a742ca5fd952c1da7df862aab09aa2dcebd788df4d77f3abc78f127d70dda190fc77314aec7007aaa0975d75b116e2b779c3714b46fa6af0100785adb57b42353301402f2fb8550560a942f6b82f6c2fee23674d9daa03d9ada59797e93423d175efdd566e938555f05af5de1dc933605fe357a69db5e3ae7eb04edc3705a5cb534db3c9e0e69995a098f575aed4aa81f3ccda308a7e1a0bf36a1715a4177f5555b63c0376563f03f987654b9a9a3de0cd863d1fcf6726596749c53784deb99371fee35cfd407d1398ce6f3f5db1bc5fb0d3e3df0ebc56dd69c8392abb7d42f0bfb0300e0065c3f68abd0e807301d22c73097796c211bb4e3767216f6a75771ddbe7530dd1000fd7d2cec2fa9eb14ea2565d2f6a3241417daac3df7b541db7992a0ad43df52c0b2414d0adabacc5f0db774bbf6f5681f0fc793b7bd097b3a6cda00aa42ff1ccc4dfb73289cf7a5b7d1c7542a73fb918e33aee71d8bdd26b7521db73f6f17b761f7e1b6f5fbc5d67574b817fbd891fb3a5fafdc2fcbfb0300a07f5709da3ad0b9d0e5c29f0d7626e87d610c6be1ea6a52cf5201cd84c5caa056b3bf2980a6c750221ecb8af30b2cd48bc3ac0ec051df241a9ebb235d23a59fa05d960b6ce675b3425d5a319feaab63b12bb673700d8376d08eddbe54e6affea6c799d68bb71183b65eb10ffb6cda4eea4fbbbddb5fd29ea5f7bd702dd27328d52bf74bcdfe0000e8ddc5415b072e1df0ec6b53b0f35ed341d0fb7a94d413a8b036ed7b0a938eadbbb0bfe44dc0b8ed629b82e9582acf2fb1546f2ab7dba8af17569a2f3af70aa56b742b415b0a9e86097a4908b78f96cc8f2cd86dbc10581db4c7fd96ca82634a8e33ad7795a01d05fc3968ab73898e33a2da717d2206f24c5fcbf596fb65717f000074eea2a06d8258b452aa835ef49a0a795e2813eb09f4764b61b3b0bf6c59263c964cc752717ea295f5d4fe164371c3735fba46babc70ce5709da36f496c25f0d29909ad70e3aeccd65266cfadb4ee1764bd01eb72f95058177141e67a3a01d0761fb9a789c59693f39e2314dfc7af5fd52da1f00003ddb1cb44b414c852c3f84f92bd34b01ce273d1b2cc9ee4f87cdb08d60957705ff584ae757525b2f1762f5e324d11b8f6c9b95e72eb559738d9e24688f54700bc3e118d082df3a624258b232ed8b039c1f38753075cf099bb6a6f06783fefaa05d0a9485d0181c671a44e3a0adbf4e8269780e7a9b697ff1becd3edcd766db28888bc27a816c5856fc7a2bfaa5b43f00003ab63968eb80168b029f7bddaf5faae7d751d604b5dcfecc2aaed76e211cfa968e25bbbf05b97ac1fe32abf85228562e3977a9cd35d7c82ff3db50db5d23682b266c3bf10fdc9980560cda7ea8d3213b0cb0a67dd3ae0ba6c66938ba705b11b4e77a7e282c95c5fcf0e9ffdf888376d2b62bb3e7e85e53f5e67ddafe8aeb58e1f9bb634dcf21ae374bcf41ae979695fa2cbf3f0000fa75951f860462d70cda57515c69bd941f2ed794099a1ee713a93a8795fd0200c00d2268a389ee827653570cdabb41bf0000ee5f55d02e3d2200f8fcc74e08da4b657b46bf0000eedf62d006000000b01e411b0000006880a00d0000003440d0060000001a2068030000000d10b4010000800608da0000004003046d000000a0018236000000d000411b0000006880a00d0000003440d0060000001a2068030000000d10b4010000800608da0000004003046d000000a0018236000000d000411b0000006880a0ddb93ffa8f7fdd2da93fd017e9baed85d41fe88b74ddf642ea0ff4e5b3cf3eb75b527fdc2b8276e7a401742fa4fe405fa4ebb617527fa02fd275db0ba93fd0172980ee85d41ff78aa0dd396900dd0ba93fd017e9baed85d41fe88b74ddf642ea0ff4450aa07b21f5c7bd2268774e1a40f742ea0ff445ba6e7b21f507fa225db7bd90fa037d9102e85e48fd71af08da9d9306d0bd90fa037d91aedb5e48fd81be48d76d2fa4fe405fa400ba17527fdc2b8276e7a401742fa4fe405fa4ebb617527fa02fd275db0ba93fd0172980ee85d41ff78aa0dd396900dd0ba93fd017e9baed85d41fe88b74ddf642ea0ff4450aa07b21f5c7bd2268774e1a40f742ea0ff445ba6e7b21f507fa225db7bd90fa037d9102e85e48fd71af08da9d9306d0bd90fa037d91aedb5e48fd81be48d76d2fa4fe405fa400ba17527fdc2b8276e7a401742fa4fe405fa4ebb617527fa02fd275db0ba93fd0172980ee85d41ff78aa0dd396900dd0ba93fd017e9baed85d41fe88b74ddf642ea0ff4450aa07b21f5c7bd2268774e1a40f742ea0ff445ba6e7b21f507fa225db7bd90fa037d9102e85e48fd71af08da9d9306d0bd90fa037d91aedb5e48fd81be48d76d2fa4fe405fa400ba17527fdc2b8276e7a401742fa4fe405fa4ebb617527fa02fd275db0ba93fd0172980ee85d41ff78aa0dd396900dd0ba93fd017e9baed85d41fe88b74ddf642ea0ff4450aa07b21f5c7bd2268774e1a40f742ea0ff445ba6e7b21f507fa225db7bd90fa037d9102e85e48fd71af08da9d9306d0bd90fa037d91aedb5e48fd81be48d76d2fa4fe405fa400ba17527fdc2b8276e7a401742fa4fe405fa4ebb617527fa02fd275db0ba93fd0172980ee85d41ff78aa0dd396900dd0ba93fd017e9baed85d41fe88b74ddf642ea0ff4450aa07b21f5c7bd2268774e1a40f742ea0ff445ba6e7b21f507fa225db7bd90fa037d9102e85e48fd71af08da9d9306d02efdfb3f0f7ff1b77f3bfcede82f7ef42fd3eb7f1e7dbd86d41fe88b74ddbac4fdb94bd275eb12f7e72e4901b44bfff937c377bff9cde19ba3effefc8de9f51f455faf21f5c7bd2268774e1a40ab7983b7f1b5a9eccbffe4bfbe6e300feafed33febd7bef0fef8fff7bf3dfcd1bf7d6d7cddece78f7ff40f53f916527fa02fd2755b65ba47e77bd391eeb39a3209f7e73e49d7ad5a61fc34f79157a6ee2dbfee027def796d727fee93144057f102701c828b65193fffeebcbd5fe7573f1abffed13bc367bffafbf1f5bf1f7e35bef69f3fffdaf0cdeffe4dd2462da93fee1541bb73d2005a2b5e0dd1e14418b8dda0ffe7ff16be2e09da7013d1f8753c517c4197fdc3f0e57f4fdba825f507fa225db75a73d850c2a09dbbcf96ca72b83ff749ba6eb54ae3e79f7bf78ebb8fab172bdc3dabc9419bfb731fa4005a4b07dd310cffe857ebca6af96d24415b87f8af0d3fff4fb96e0da93fee1541bb73d2005ac50ee6fee0af07732990d8d599c589c26ee70772dde63821b832d3ceb7f5a4543df16448fd81be48d7ad8a1724cc3d94ae1696ee33a9ac184ab83f7749ba6e55d68c9f2e3857ae6abb76bea003babdefb93f77490aa0b5d4631b3afcae2caba643b55dd5b6ff375fbfa357beb73e32e248fd71af08da9d9306d05a26809841fdcbf6ffd2aa7555501999951b6f3b6f72f0dbbdf4234f47ea0ff445ba6e6b99fb6f0edaa5fbacf61e2ce1fedc0fe9bad5aa1d3fdd3d58158cedb6aa1d732f879fe428dc9ffb2105d02af6b190effefc6f4ca8d6ec0a73a94c6a2b43af620bf52e7d64c491fae35e11b43b270da06b4c93859d30fc32f5d1a82bab9924e640fe6d53776cef8fe349e60a1f793a527fa02fd2755b2b0edaa5fbacea1e2ce1fedc15e9baad511a3f1dfd4889109825fee32762d0e6fedc15298056995698cdf3d2ea3513aaffbe58e6be2e99c3b9b06a7d8547461ca93fee1541bb73d2005acb9f00cca09e992cdc479f9989c499daf027026f85467dadf7f9feb7bd09aa6e029248fd81be48d76dad386897eeb39a7bb084fb735fa4eb56ab66fc34dbd40563d3c6bcadf93abcffb83ff7450aa055fcc73aec6b6e05ba54b62a20bb1fa6f456aff50f4bfee81ddb9e5217de25527fdc2b8276e7a401b48ab0ca17071a9f3fa96852f816da0c260f5deeff20cfbfe876ab561a05527fa02fd2755b2bb92f0bf7d9e23d685f13717fee8e74ddaa08f7597c9fba302cbec113c64f33c6ca741bdc9fbb2305d02ad3e32142d02e944d415b08d112f35b486c98d6017efcffb4aafdc645cf6a4bfd71af08da9d9306d02a6ea0f77e40c77dd41e6ca7d849c5dfd6841735098401c63c6e324f36fa6b5b4ffd5f4f184c14bb215db7b5a437804bf759aeac84fb737fa4eb566561fc74e363eedec98d9fe936e17dccfdb92f5200ad1584e0917ee4c306e75299e27ea3487195db3d82627fa852b5a17f8b09417b358276e7a401b49a0bd093289c7892c1dc4d3442300feada8948afd6789392fe5a6f1306a835a4fe405fa4eb562bbe07e3fb45bacf6aca24dc9ffb245db76ab9f1d38d8d09ef5e2a8c9f8e1fb4b93ff7490aa06bf8cf53c7abd3a5b2dc8a765067e442b40eeede6f3131415ee1d1911a04edce4903e85e48fd81be48d76d2fa4fe405fa4ebb617527fa02f5200dd0ba93fee1541bb73d200ba17527fa02fd275db0ba93fd017e9baed85d41fe88b1440f742ea8f7b45d0ee9c3480ee85d41fe88b74ddf642ea0ff445ba6e7b21f507fa2205d0bd90fae35e11b43b270da07b21f507fa225db7bd90fa037d91aedb5e48fd81be4801742fa4feb85704edce4903e85e48fd81be48d76d2fa4fe405fa4ebb617527fa02f5200dd0ba93fee1541bb73d200ba17527fa02fd275db0ba93fd017e9baed85d41fe88b1440f742ea8f7b45d0ee9c3480ee85d41fe88b74ddf642ea0ff445ba6e7b21f507fa2205d0bd90fae35e11b43b270da07b21f507fa225db7bd90fa037d91aedb5e48fd81be4801742fa4feb85704edce4903e85e48fd81be48d76d2fa4fe405fa4ebb617527fa02f5200dd0ba93fee1541bb73d200ba17527fa02fd275db0ba93fd017e9baed85d41fe88b1440f742ea8f7b45d0ee9c3480ee85d41fe88b74ddf642ea0ff445ba6e7b21f507fa2205d0bd90fae35e11b43b270da07b21f507fa225db7bd90fa037d91aedb5e48fd81be4801742fa4feb85704edce4903e85e48fd81be48d76d2fa4fe405fa4ebb617527fa02f5200dd0ba93fee1541bb73d200ba17527fa02fd275db0ba93fd017e9baed85d41fe88b1440f742ea8f7b45d0ee9c3480ee85d41fe88b74ddf642ea0ff445ba6e7b21f507fa2205d0bd90fae35e11b43b270da07b21f507fa225db7bd90fa037d91aedb5e48fd81be4801742fa4feb85704edce4903e85e48fd81be48d76d2fa4fe405fa4ebb617527fa02f5200dd0ba93fee1541bb73d200ba17527fa02fd275db0ba93fd017e9baed85d41fe88b1440f742ea8f7b45d0ee9c3480ee85d41fe88b74ddf642ea0ff445ba6e7b21f507fa2205d0bd90fae35e11b43b270da07b21f507fa225db7bd90fa037d91aedb5e48fd81be4801742fa4feb85704edce4903e85e48fd81be48d76d2fa4fe405fa4ebb617527fa02f5200dd0ba93fee15411b0000006880a00d0000003440d0060000001a2068030000000d10b4010000800608da0000004003046d000000a0018236000000d000411b0000006880a00d0000003440d0060000001a2068030000000d10b4010000800608da0000004003046d000000a0018236000000d000411b0000006880a00d0000003440d0060000001a2068030000000d10b471810f87979f7d367cf6eac5f0be580e5cdbfbc38b57e33da7ee3bede5f0a1b8dd16dccf70ecbdf0f243a1cce17ec13d6939b6ee1b417bc7de7ff1cafba6fa6c78f9a1bc5d1e130d8ccbefa5b5dca4d02068276db6d817ae6dbe075f0d2fde97b7a9b722683fc9fdc23d8898bbfface05ebde47ee15ebb3682f64eb949c90f441fbe581b9809dab8d6bdb4d6534e064c3cfdb3d7e8e54b3d26bd7af1beb0cd1a35413ba7c5fdc23d089f30f77e38defbd3187cc9fdc2bd766d04ed3d7affc5f0aa388944ef94836fb8b86c347db3bb6fd0f875dcad8df7d2872f551d138af40ae48b9753b9abf36a0ceb73dd7895323719c8f7e0b4da391da7dbee555ac76b335ea99f8cede873888f6b9cec54f9e5410feb987be6e587f65ac66392fadaddabd1f589afb129b3f7edcb17debde1aef5b6fbc5ec2faa1b8d91d2b194db74c7e9dab75f8fed2e9f7bf958d0317b3da571e6f231cbdd177563eb5c8e1c82f61e15c3c03c509b6f227fe02e95c5df9cb66c9a00709736de4bf3809f868169bb9159a1f1b699da962683f23de82620d5a6fffff978a5360baf0be76ece2bae8fe6f4b53001c25c5b770ddcbdf36a78a5ef9ff05acaf78112df83e1bd64acbc5f92d7f3f7e75cc7c9b5191f97fd7a3cd7d2b92f1d0b7a67af9716df134ae67ea91ab3a4badc2f972068ef901bd0c57064bf11fdc1de6cff4a28f30675e11d36a1e3fe6dbd97f4bde14dfeba7e1cb4bd417c0ee6ae2d613258bc076d1d153ca2f60d6982a9785d9fc7f8756195096dcdf7d3f87570dfb96b37df3bd378e68d5ff31b3827be07a56d57de2f85fbb37c2c4a6e5ff9e32c9e3be3f5edb3d750ddebc6c2f8e8bfeeee3371cc12ea72bf5c84a0bd47c2bb5ac70527291ca565dea06edb4cf18d78d736de4b73303283baae6f07f3343cccf58a1349cd3d384d4ed27db930390975fce34a8f114f231336f5d7f96b27dd67f932fb75108457de2f85fbb37c2c4a6e5ff9e32c9e3be3f55d31a17734dd9ff96bbf3c660975b95f2e42d0de2317368441dd7ce385e1c87c132f046df19d31eedec67b696dd036f5fc415d980c16ef415bc73d1b9e1c736e72cabdae98637df5e243db76da0f68ccdd8309e91109df3c7ea5abc8f13d286dbbf27e29de9fa5635172fbca1f67f1dc17bf57705be26b5db8f6f61ec98f59425dee978b10b477cabd039e43d0f8cdf5520dcef180ef0de46e42b3df98ae8dc5411d776dcbbdb42a6847f7ddb48fe47e2bdf83e638edea8d5da1f1df0494ea0775c532236c0f4f415a9573afd5dd13d2758beec1e45e56d6de2f5b8fc52f8fdb0c8f6bba1717c7e4f2b1a073e3f815845e618c94ef17bfcc48ef37e9dee07eb904417bc7fc6fb6e01bd27dd33ade37af5ba574afeb36e220e50bc211eed5da7b69be6fcc002e066da19e58a6b90940aeeb8e6f9e9cdcc491d99f1284aa681bffbe761fab06dbe369d8eb18f7bdbd26350121bc7747fadadaeb1ddf77e37e2ebb5f84badebd241fcb429bfec7fae36bee7b6bf9dccbc782be95ef1525770f8ec4314bb81fb4f2d83aef0f39046d009db103faad0ce2f60d02abd9006e0263d693226803e8cc2d05edcc8a2a00748931eba911b40174e63682f6fcd12dcf2d02e81f63d6f32068030000000d10b4010000800608da0000004003046d000000a0018236000000d000411b0000006880a00d0000003440d0060000001a2068030000000d10b4010000800608da0000004003046d000000a0018236000000d000411b0000006880a00d0000003440d0060000001a2068030000000d10b4010000800608da0000004003046d000000a0018236000000d000411b0000006880a00d0000003440d0060000001a2068030000000d10b4010000800608da0000004003046d000000a0018236000000d000411b0000006880a00d0000003440d0060000001a2068030000000d10b4010000800608da0000004003046d000000a0018236000000d000411b0000006880a09df1703c0f8f8f8fc6e9206e03000000e42c04edc3707261d33a1da4edee970edc4f11b4ffc75f0ffff71fff71f87f39fff0d7c33f4af5347b9dcec7e1412c2f78380ee7a46e78ddcfc787b04ecefb9f1f5e7df6b9e1b39c579f1fde17ea056f6aacf93e7b188e67aface65ab8738a4de7b8f1fcfef7df0d9ffb8f7f1dfe28e7fffc9d5c2ff93e3a0d87a96cc3f94d72d7bdd4e625fb0300006b1482b69990ab43c89dea3e681f4e63603a0d47759cab83b6b9c6a7d3d8c65437beee26cc55bdc1ba2068e7eeb3c3c90f83e658b6dc93733b179cdfa6a06dfbd86bdf3fa7cde757b8eea536afd59f000060593e68eb55c1f3707c10ca1c3dd98f13b7158797a9cc0b026aa257dbf9ab9817ad5e6a51bd60c570943dcea89e1054e5a0bd749cf6fcab8f7fb429688ffbb1c7ac8f5338fe92a98eea1f57d70638bfffe43e105c3b680bf7e096f334d7c3b673c9f96d0adadebeed6bd3fe369f5fe1ba17dabc5e7f0200801a8b2bda8fd1c43cd181452a33f592306b838c5e51f342a83fd187ab6d713b79ba8d5c50ca1ea7aa77f25e97f727b5bd7c9c4f15b467ab03931fbae2a01db723bd26b976d08ef7abafa5ba7fa237520b826b78c9f96d7c74c4dcf3f69875bfdb37975738bfe4ba17dabcc6fe000040bdc51f86d413b99e8cd3f09c0d47f1c4adc385794d870e7fb2b765269c46f5e26090618e510a0bf5615d090259f6b5edc759f4c4415b5d87a95f82e3376f12e64f19ec9b869ab6aff58c761c8a6d3835d7581d4fe6cd9f28defe82f3dbfc8cf6487f5fa873f08ee50ae7975cf7429bd7e94f0000506b31684fdce4ac43501c563c6e32f75fd3754d380d025eb28d9afc23715b1966d5d098db2f1ca722ed7329685f789c592d827672ace61a24d748fadaafa3be8efa45b4316887cc9b23bdbfe938ec712bdebd943d3f8fd82f5bcfef92156d770c76dffa1e6d717e853617f7070000aeaa3e688fdca4eec2503668c713b7f75a39685f63c237e1daeca3709cc176e6b524544bafb50a264fb8a2edbf2989497da5da16af59ec2a41dbeb73ddd7d16aabba972acf73f18d96557d7e5b8276ee1cc67be8f2f313ae7ba1cd6bec0f0000d45b11b4bd95c6f16b3dc18b81330eb0e1e31bd9a01db5bf5db8bfa5e39c42980e21e9fea7d037bd56739ca6ed55e7f2d4cf68fb0a616b55bbd708daf63a98eb62fb7ada7f786d97d41cfbaaf3db1cb4c3b0ef56b82f3d3f253dfe529b97ef0f0000d4cb076dbdea364eca3e29847ae5f3846d83a6e3d5cb076dc50601afee720848ebd41e67f8bafd5569baaed0a632b5bb749c1b82f62699e30c8257852068476d3ef939442bae51f9f2fd600901d778eaf31bc5df4b5230b66575e717f79995b986619b1bfb130000acb6ead111000000007508da0000004003046d000000a0018236000000d000411b0000006880a00d0000003440d0060000001a2068030000000d10b4010000800608da0000004003046d000000a0018236000000d000411b0000006880a00d0000003440d0060000001a2068030000000d10b4010000800608da0000004003046d000000a0018236000000d000411b0000006880a00d0000003440d0060000001a2068030000000d2c06edc3e971787cb4cec7e141d8e6691c86933b8ed1e9206db357b66faaafcfc3703c2ff5e1da36fbf2703ccff7ede9206c73dbe7070000fa5715b4cfc707b1ecb5c3690e338fe7e1f8e0ca4c909bca5c9809b637fcb683502f94fb6d5707edafbf377ce5b73f1efe6cf29da9ec8ddff8afff78f8ca4fff32acbb916977de4f7bf9d0285fbfa70edadf18defcf8f7c33bbf0cbdf52d5bfead4fc2b29ffc507e7df289d776990edc046d0000f00c36076db3621885ebd3d1fc3b86b8b98e0ddd2aece8a07d1a0eae9d87e370f6c27431d44fd604edaf0e6f46015a87e0dfbce76d63bcfed3efebb0fde60fc2d7b778faa09db73d685f930dda1f7f2494fd7078eb979f0e6fbe6bbe7efd834f75987efb836f44db8ddefd68785b056d17c42be483360000405b1b83b6590d14839a0ad3f12aa10ed4a734682bde6b570fda7635db0fda5ffc851cb45ffbc1772a57b55d787f4fff6b56c3bf3fbcf1f539ac277ef1d5a0ee5c66eaa5fb982d05e5dc2312c1eb3ebd8dab6f5775b5f9bae4da34f5d49b2bb95e5e2968470a61fa4b3f51abd97328af2105edede767fa2d5fd72babea17000070cfb6056d29305b52b071c15caca743b85919bf7ad01ee960ad42ed18aedfb0ff9756adcd76cbc1d70fcbae9d78953cb7a29d5b4d2f91fb33ed0379bb72509f3f91305fc7dba56dd6d54b098f8ee456a5ede322c98ab60be03561dd93eb17b9ac7c7eaa2fe7edc3b2d27e0000c03e5d3d6897829d5c4f85f03968cf2b82461aa84d5bb5415b99c2b60ddc7359b8c25cf78cb6ad33ad52a721bd18b4c7baab1e4f517d6603dcdcb7739fb9edb604eda5a09e0ba23501bfc83d7b9d846d17c8d367b0dd2325d373dd954ac7b7eefc549f47f7aeba36f6d31bbd5de67b020000ecd313ae689fe57a8d57b4fdd03b3dda21ad2abb1f9a5c5c714e83b669773968a73f9859b182aefa4787b9b10f4fa7911cfa7281b2cba02d3e4ae242b6f468887a8e7bfd6ab6523abe55e7677f9e207e23e83f26a5fadabdbe7c1f0300807bb72d68dbd021865d6f956f7a4d6f2f3fa3ad838c7dedea415b78eedaac3ecb3fa8980dc881dc8af65cafa69d29f47bedc86ca81efb4ef5cd610cdb87297ccfdbe502659f413b0dcee6f9ebcc8a75ee71920aa5e35b757ef61e96de5ca6d435236c0300b0771b7f18d2addef9c1630c29fab78ec421c38417fd751cb4f5d773b0b97ad0762bc8f10f234aabd636942f07df286827fba87cde5ba8273341fb781c3d98e0a756b6e3f0980b94faf5f88d4f65604e5fababb7247e0ca4f89b460a8f93d4281ddfbaf3336575e76ab625680300b06f9b83b62b9b3e420f9e1936613bf918dd066bb94edc9e91ee3b0d43452e404fdc4ab30dcc9e55cf68fb92b01c6da3cb857a553f1869039e0bcbf6d304d32fb62cea33293c8665691f2681d26fafaadefc5acaae604fbcc743dc0f39266cb0ce3ecf5db27c0ea5b2fcf9a575b3d761b14f0000c0bdbb28683f8f340c3dad68451b0000001010b4572368030000605955d09e3e0e4f9ef57d4ae1e328046d000000f46c316803000000588fa00d0000003440d0060000001a2068030000000d10b4010000800608da0000004003046d000000a0018236000000d000411b0000006880a00d0000003440d0060000001a2068030000000d10b4010000800608da0000004003046d000000a0018236000000d000411b0000006880a00d0000003440d0060000001a2068030000000d10b4010000800608da0000f4eae1389c1f1f87c7d1f9f8605f7f188ee7c7e17488b605d09de5a07d38e96f70e33c1c1f846d3a7038f983100000973a0c2735f79d8fc3837bcd0bbe017f9b8c87e339a9b71496a7b94deff7341cc6d7743ba783b83d80be1483b61914fc703dbe8b3e2d0f26cf81a00d00b81abdc8741a8e6a1e5c08d16afea909be6a4e5d3b4fa9b675187741db0bdcd2f600fa5208dae69d7cfeddb67da7efb881480d4e6318571f6be9907eb0effec7f2529919c4ccc761539bd3c0a55e5781dfdfa7f7ce7e7acd13d4f5cb18a0000025e35c63e7253dc71483b69a97ea3eeddd12b4c347470e7a3ee39111e076e483b67d372f8752135ee701c38659156eeda3266a20d0eff2751b66202a95a9412a5c15f0f7e1c2b21bcce2fd9bbad200a607c98a95060000624b417bcd1cb32968fbf46215f319704bb6056da9cc7e9ca5cbeca034875f2f68e7caf4bf519b767b17acfd77f1f1e0560cdab9f30000a0a01cb4e785a2b42c65e623b56864ad0acdebf605a00fdb83763cf05c1ab4bd8fc70217066d57e6dacb6d030040ac14b4cb217c89fda4b6326cbb396e9ecf08ddc02dc8076d1b7cc567c1a4106e5fbb2c68e7569e2f0bda33b52fc23600a04e3e4c9bf9449c232bc5f358969b3bbd7952d5652e03fa57f86148b712ec87df31f09ed40a731c584d10d65f6f0ddac577f7cb413b3f18fabce314cb236e955d6a9732ca28a38cb2db2f5b909b5b8a734ecdfeec36cb41ddcc917af55ad7317372dde21280e7560cda8a09db8eff519509db53990bbd1b83b669d7866daf5db3cd72d04eeaeab2b43d39c8676c1db829a38c32ca28bb8d32913077f8f56d7bd9902cee2f6eb3eed18f3850cf7372ee1360003d590cda00000000d62368030000000d10b4010000800608da0000004003046d000000a0018236000000d000411b000000686073d0d6bfc7dafd3ed035bf9b1a0000d471bf937b34ff3eedf46f4b00e8d372d0567f64c6056ae117eca77f380600803be6855fa536f0867f00aeaedef4076bf43ee73fbfcebc0bdc8662d036abd67eb81edf459fc2bfacc5373c00603fd46ab2372feac5a8babff218d0c179b99e0ada3a90bba0ed056e697b007d29046df327d697de71cb413bfa53b3c53f43eb0f182bca827d96ea0100d04add5c9952f52a02bab77a7e3e1ef45cb77e5f009e4b3e68eb77e9cb81550ada0fc753b80a3e0e0ceed9b2d20a78a94c7fe43695d5b70900403b1b83b69a638345a80aaa0e731d70539a04ed98bf8dfe7fa6dd7c991ac8a2d7bd41aad4260000ade845a0eac01c7efaba2e9c57ae8003e84a9ba0ed7dd435f1b6f17f2064fe29ea4299d49ee20d6ea5360100b8b6cb1679c24f6697a8394e6d3bcf75846ee016e483b60db7eb9fd1361fa3f9838718c6b5745bb16cd50f7f94da0400e07226645f1676f37363c47d82ebcd85aa2ef31cd0bfc20f43ba55623fe08eefc0177feb8809ba534077abd1e260527a47ef97d98fdb6a06a495ab04d3f1491ffd514619659451b6dfb28cc5905dd566345766a9edecbe74bb664e762bdc721d00bd28066dc57f24631e586cf09d5eb76c103683907bfd341ca7302ed49bc273a94c2e0f42b8f77a5d20b75a0cce945146196594dd7e99c804e460ce89eb8b6da67355cd33da71a09ee7e4ad8fac00784a8b411b000000c07a046d000000a0018236000000d000411b0000006880a00d0000003440d0060000001a2068030000000ddc58d0b6bfbfb4faf79d020070c3dcefe41ecdbf4fdbfc4eee9adfc30de079158376f88767e26ff436ca7fed8aa00d007842d93f68b3723ef2027360a1fe3427eafaf39f5f5ff587d9003c9be5a0fdc4dfcce5a00d00c053b12bc7a75318880fe3d7eeaf1e5fb0f0a3ffcae3c21cabb6d12bd72e687b815bda1e405f3606edf463ab795b55a6fe54bbff676aa341410f52aecc046b69f55cb3fb0fca93638afe24ee34f02d1d8b398fa91e831700c0d2f38e9a4fd49c35cd2be37c62ff3f957b75eaa97949cd4f5299c75b093f1f0fc9dc0ba06f8d82b61a14dc0062be9e56a975c8ce0f2e4b2bdae93145edbbfd571c4bfefc0000bba603ae9d3b82a03dbb24686f9a7fd4713067013765f533da265c9bc05a0adaa5b252905e1db475708f56a2ed476be56371e7c72a36002014cc45570fda95abd9812d75003cb7662bda72997984c32f8b6d0adaf1405719b415b53ff726a2b45f00c04ec4f3ca9583f6967a6e6e9ce72c4237700b9e3868a765b14d413b5e95b6afd504ed99791340d806807df3176062c97cb23a682f2f38255cd0f77e1052ed9bf90ae8df45417bfa26d7c1761c841683b6fd7fe1718da5812b3da63820fbc7b6266847e7b4c4fd808a74ac945146196594dd46598db52bda85fd2dcd7129ef9111ddae993f9716a500f46163d01eb981c40e268769dbe570abbf767547e16061ea4fe55e9b7e9db94cd531613b7dbd742c429bde312eda3aa8534619659451d64f598d206867e623bfeddcfeeceb6b56b3e3403dafb6f3f345c02d28066d00000000db10b4010000800608da0000004003046d000000a0018236000000d000411b0000006880a00d00000034b0396807bf0bbbfaf74fa7bfd7ba56697fdb8e050080ceb9dfc93d9a7f9ff6f6b914c0d35a0cdae11f97b17f9d2a2e7f82a0ed94f6b7ee58000090c57f863d9cb7a23f9256f9c763c2f9d4589a0fa73f58a303f7fce7d799eb80db500cda66a0f1079031289fc2bf7445d00600dc351d72dd42533a8fe9b9b262ee5173d4da3f9baedad6fb7241db0bdcd2f600fa920fdac1c0922787dbe8dd7ef4a76b4f07bf3c0af263795a6fb62a68ab3f9b1b0f48d26b000064a939cbcd87feff8dda459e2d413b7c74e470f1621580a7950dda7ae010826e2c1d604c588e9f2533dbb8203d0f52fe4ac0c3f1e40d5e713b4669404bcb4ca0dfb2f2000080a61668bcf930f8b4d706e19af0bb2968fbd471307f0137a52e687befa8e3f09d845b69c5d87ed4e5c2733020155698a5502dbd562a0b5f4b5722000048b985212309d27aee5265f5738a9e8fdc5caa64e63219f317708bd6ad6847efeaa7edfcc142d8a618b46d99bf32501a88a4305d2cf3db57c7b66a60030020fc8455af68bb79ce06eef52bd536c857ce496a9f6a1f66355d217403b720ff8cb61e3ca26fe4daa01daf50dbd7b22bda639bee310f7fb09282f3eaa0eded530d50c9aa0400000ba6f9452fde0873633cef5528cd670137f77a0b47aaee458fa1007812f9a0edde6dfbc1da7db37bdba503451c98fd95803868fb65d1f3d46e753b1a844a0353b64c1ff7382845c7bec81d83548f32ca28a38cb2db2fabe2cd4fb62d7fd12658e1566af627b423f31e19d1754cd0762bdc721d00bd28046d63fe98ca1a078e2984fbaf2b53c8358352fa7a5acf1f2874509eca4ec3710acea5fd2d1dcb7c3cab07a5d260491965945146d9ed9789d2792508c47a05db2b8fdb15f717b759f7e8471ca8e73979fd0a3a80a7b718b4ef83b722209603000000d7b58ba0ad570082156e000000a0adbb0edad3476cd51f1702000000d7b193474700000080a745d0060000001a2068030000000d10b4010000800608da0000004003046d000000a0018236000000d000411b0000006880a00d0000003440d0060000001a2068030000000d10b4010000800608da0000004003046d000000a0018236000000d000411b0000006880a00d0000003440d0060000001a2068030000000d10b4010000800608da00000040038b41fb707a1c1e1fadf3717810b681ef309c5c7f8d4e07691ba46cbf55df630fc3f14cff6e7638cddfd78fe7e1f8206cb3230fc7f3dc1fa783b8cdd35afbfdd09776fd79dbfd02607faa82f6f9f82096e5276b1382a63237283e1c87f3f8b5df9e09f2a7f1ff6140d5fc015aed2b33b8066f062cb50f33d84721421ff379fc7f748c5ebdf0bc66539d64e230c71ef6d38620f8f5f786affcf6c7c39ffdf63b49d91bbf51af5bbf79afba6c2bd3667a1cede42750f91e24686f67fa7a75dfbdfbd1f0f62f7f3fbcf3cb4fe472d13786373f5675ac8f3faa2c7b1e7acc78a2a05d1c5bef24505ebf3fd78e1300f0bc3607ed34c48ec1e77434ff8e0168aee385531d96cfc3791a78c741537ded05ed79f2f7eaa9af1782766e805565733d2960c4c7bb50a6df2c84e15df745726ca66e6d9879fda7df9fc372147075e87501da8571fb75a9ec124f1fb4f3e4ebbbae7fe1d1f7f06938486519af7ff0e91c88ab83b60dd22e40bba0aebf2e95f96d3cad7e82f67da03f01ecddc6a02d05564b0ac47662d76563183f9eed243f7e7d3aa8b6d40ab3d0a6dade05828d41db6f576d970efa2b83f6286c27d7172b82a00ec8df1fdef8fa6bc3177f1105dc1f7c4787ef377f306f6fb6f97eb14cb5e55e4b7d757873acf7959fbea7ff35e1ded40903bfe7175f0deace654bfbca5d9fb97fcc9bb6b14f15effa04affbf436aebee97f53561b1e4ddda93d775ff9f79b13bc16d5f38ed59da37fccf3b5cfec4ff38fdf716fe4f2fb2b8bda8cbf6fa4f32cd121f8d3e1cd775f1bbef4931541fb5b9fe860fed6b7e6d74cfd4f8b656a3feeb52c7d0ef339eafb6bf1fa65ea79dbcbc130d39faa2d3d9ea9d7c76b76309fd8cdfd2d5ff7f27d9dff7e982c9c4356b6defaf333e7a6eed3f2f79fdc9f99fbbaf089a76a37d72fc5fed4e7bc704f004043db827661a092075633189b81fba0b731c157b5a1ca5a066d7f200e57a20d33e8cbf53365deaab66e5b3c2e53b72a687be2a06d82af17666db8564a657ef84ecd61d96d17ac8cbbaf8515ed78bb1af23d91f68fbc5deefabac9da5dd3d2750c3d1c4fde7de0d74bef41ff98f4a43f1d5fb83f1308e672ffbec8ef2f6ad3060db7ffd2fef2e2edccd7aa1d7d4cfafb2032ed63d99aa06d56c1bde06cc3b5522af3c3b7488f0bd2f7727afd823eccd69ba5f760be3f4d7b667fe6facfe399da47e9ba2baa4ee97a8adf0f15e720cad6db767ed3765e9be1fd6a48e7106e17eddf3f4efdff749e11fb6524f7e7c23d01008d5d3d68cb839d194ca70152058a31649ff460e706ee7840345f070370216807c1216847316dc9836b3cd1d495997319cf21d99763eaca657971d09e57a86d381e43eeeb365097cabef2d3bf0cda0dd9eda755ea7425bc18b4c7bae5201f51d7cef6fd7c7f98ebee4ffceb26d0b47f73f597f8f5c236d43edc31aae38dee79ef9ed4f7a07f7fda4f71ca6f46e37bdebfdfcafb9b5e8b49df9bf1b148db545a13b4e715ea1f0e6fa910fdf147c3eb365097cadefee01b627b46fe7b5209af9f7f8f95eb39c93d54e8cff8fae7ee6b276e5bbeaf67c9b1549e43aa506fe3f9b93683f1cddbdebd969ec3f27d6dea98957469fc4cdb3472fd196e9fbf3e00d0c213ae689fbd327f9056ff9f83b61f9683fd0a83b8b33461a97239802ba5c9ab54668f5718f00d6122aa20af688721d8ad5c97caaa56b4bda01daf8ee782f6fc039b8eb7ef1c3571eb6b37f659f0062bbc87d64da069ffe6ea27749098ef09cdd5f343e974dc993a8a2d2fde83d9fd997308f76d43c0c2fe927d38d2f7896ecbebebc2f7ef92f52bda2e50dbd76d982e959557b4cdf75df6fbca3f57759ed3fdb050cf4aeea1427ffa65f3f557fb295c43afeda5712bbd9febce2155a8b7f1fcc4f14d6d1fdd57c939487da204c7107d5f44d68d13a3ec3d0100ed6d0bda76b05c3b70ab01321d08cda0ba388948ed5ac5094b0ffe66e253dba501c3ec5faebfb56c2e5f3b29c641db05677f85da85e2525939fce656b4e7fd6683b6670afa5e3b32756dc77e1faf85ea2ffdc890ba27a2ebb96e024dfb37573f64ee33bfbdb0dedc6e70bffa93b5207f0f96f767eec959edfeb2f4fd1ed58b5f93b6a9940ddad20f330a2bd4ee91915259f919eda5efabb95cf5edbc5dddf763720f15fa53ff9b0da24bf759e99e319263a93c8754a1dee6f313daf4b677af25e750715f9b7d1d74fb52ffa4fd62e4fb33774f00407b1b7f18d2bc1e0ed0e360a67feb483cc198414e7dad06c8b42d53eeea6507416110779606d879504e273ffff8e6d72e2d9bcbd70eea49d09e9ea776aff921b954e6ea4ba2eddc2a7512bc1702bb504fa6fafd341ced33abea3e502bdbf164999b40f5ebc9b54ffb37573f14dd677ae2f7ef11d38e99e8a3fb7bdc5faefdfc3d58d85f317494f79717dfe3c27d2a85ab4ab9a02dae50bf661f0b99b6b75fffe4870b65aebe4c5fe7d2f1ebb162bc8652e85b38eff41e2af4673188d6dd67b9316d2a8fae7fcd3948f2f5b69e9fd96efefe8bdb31d27358b8affd7b53f759fa9887d42fd3ebb9feccdc1300d0dae6a0edcae6d5387f4034836ebc4a27b76506de64628ae901d8dfdfc89b04e232b51ff37a34b9d876a6015fa837efd79b74fc3616cbe6f2ecf9045c608e4501da09826da92c47d85f524f6a57a857f58391b6afdd24674387e93bf93a8893735096f66f6e028e99d0e1da536f00e27af6fe4dda4a8fd55dffd2f749697fb97bd7d4cdefaf2cfcfe4bcec30f33555c288e79813bfbebf9a2ba41902e9595857d1af78b1cfa14b9ded23d98e94f1ddee420eade50ceed49f759febe9eebf965a573706de6e5ebad3fbff2bdb9740e99ba766cf6bfa7cdf787bc3f6db13f5d59fe9e0080962e0ada2831837e5dd07e6a36305785723423ad686756f1b0c61c76e5725caee7f14dc23d01e07910b49b21686381b0b26c561dd7ac3623a6574183d54c5cdf6d056dee0900cfa52a684f1fc5f17c5b85f0635882364a82ef2f8d90bdd5d4978c534fe0368236f70480e7b618b401000000ac47d0060000001a2068030000000d10b4010000800608da0000004003046d000000a0018236000000d000411b0000006880a00d0000003440d0060000001a2068030000000d10b4010000800608da0000004003046d000000a0018236000000d000411b0000006880a00d0000003440d0060000001a2068030000000d10b4010000800608da00000040038b41fb707a1c1e1fadf3717810b6c1351c8693ebe7d1e9206d83756c9f56dfb70fc3f1bcd4f76bdb7c4687d3fcbdfb781e8e0fae4c3e8787e379defe74985e070000db5405edf3f1412c7bede1389c9309db8495798217266d2900e8d74ec321d9ee34fe5f6873a48f2b68cb67da0ade2858c1f9648f25ac638cc7b2f638bd735f3c16ad26ec79befedef095dffe78f8b3c977e6b21f7cc77b7df48baf867517bcfed3efa76d5ee08ddf5cafad3af9502cdfd7cf10b4bff5c9f0ce2f7f3ffbc90febca1699e394cfa57c0e3a7013b40100b8d845415b4dc8e7e3610c27fe6a591c56cca4eeda30ab66d1f6a76331c0ceaf99b6e5e391cb968e5f3a96f84d4350bf2268e7cebd742cb3b88d92af0e6f8e41f82b3ffdcbe9351d667ff39e2dfbfef0c6d7cdeb2e34fbdb160501fe568376def6a07d4d3f1cdefae5a7c39bef9aaf5fffe0531da8dffee01b0b657e1b19fa4d70749f5622680300701d1704ed399498c0edb689c38af9da941756d99e3c689756fc1ca1cd55413bac7ff5a06dc3b01f9ebff80b17b4e56d6b57b55d3b5fd401bd261cbbd0ff9efed7047413f4e795f1c8742ca6ee5c36bf41c8590acae64d94fde4c00b8dc1eb3ebd8dab6f577cb5f95ae7da34f5d41b36b95eb5773f1adecead5c97ca24d27d3aca9f43b44d5266fa267ffe5ed996730700e00e6d0fdafe8a999ad4a78fa1e7b0336f67bfce4cfe5a21c0ceaf99b6e5b02a97658fbf742c13a1cdc27116cf7dfcfaea417ba403b10aa763287ec3feffcd1f08dbdac748aa56b4edb6aa1d1392eb83b6bfff7975ddfb5a682bdeae46290cfa7d276f570eeaf3a71cc2f51fa56dd6d55b641f151157ad4b659e2048fba23ec8f54bae4cf5d7fc5a787ea5b60000d8b3cd413b9c5cd54a5e1832e649de7b34a3146e75995fcfb93c68c76d2e86fe89d06645d09ef7e59dfb287b2c7e5bb68ddaa0ad4c615bc904d6358f6df8c17775d0f656cccd71cdabd3c5a0ed05f42aaacfedfd37dfa3fe7d68e442a07c5fa77d2fd54f5fabab57f68de1cd8fd5b3d89fac2ccb58b8bf4bc79796a97e15ee79fbe65a6fbff8bd0400c0fe6c0cda69b098b7f3cbccffa7faa5c95f2a4b5e8bda0bc865f2f18f16828821b45938cee2b98fb2c712f0db58e687d7e9118d286c9b6d961fc7504c1bf1b3dddb8276dc562e68a73fd05971acead3021df4c610783a8d54304c03612e50f615b45d909e9fc9ae2b2b58b8bf4bc79794d94f66e23789fe0f53aafe74af2fdfe30000ecc3b6a05d987893d0e14ff8d1a3148142809d5f4bc3eb4c2ecb86dbd2b14c8436753de13897ce7d74f5a02d3c0e625691e730eb56bbc5d562177093c73b64e515e7dc8af67c2cd9a0ed99de2c2c3e4b6e43f5d8c7aa4f0f63d83ea86be3853f2517287b0ada5ffa890ad2bf1fdefad6bab222e9fbc9533abea44cbae7b3d475a9b9cf0100b87fdb82b60d967ea03193f179fc7f1c3accd7ae0dd55e129e9fe9b78ee48e653e2fa94d1324e4f333ff2f9d7bee5866711b05c90f38dab01b3cf6917f2e7b0ab58515e4cd2bdac20f5fc68f9288aa7f68d304ede371f460c2a15ad95e0ec5deebf13d2cf4bd543f7dadae9ea4f4db4456ffa611df3583b63dbf9af389ef790000f66c53d09603a39960a5d06126fdf9d95913701dfb7a21684f13fd54c7088f419ee0c37da5f5c46399ea6742835d0d9fea4d01a47cee4bc7926da324fe5dd92e14278f6344e5fe3699e7ba95d541db9784e5681b5d2ed42b1ccfccde132e2cdb6b62fad396457d2d86c7a02cedfb397496da2cd59b5f4bb8df2492f8a45c26b5151383f6f239c86572dd6c5f2f9d3700003bb1f98721d14a1ada6e43b4a20d0000b07304edee10b4010000ee4155d09e3e124e9e69c5f59867bf5d5f13b40100006edb62d006000000b01e411b0000006880a00d0000003440d0060000001a2068030000000d10b4010000800608da0000004003046d000000a0018236000000d000411b0000006880a00d0000003440d0060000001a2068030000000d10b4010000800608da0000004003046d000000a0018236000000d000411b0000006880a00d0000003440d0060000001a2068030000000d6c0eda0fc7f3f0f8f8689c0ee2360000e0020fc7e16ce7daf3f1c1befe301ccf8fc3e9106d0ba03bcb41fb709a03f5e379383e84e53a7013b40100bb71184ed3bce807e01ab6eef9383c88e5a1c3c9b6af03f769388caf31ef02b7a318b4cdaab51faec777d1a77070e01b1e00b01f6635790ed7263857ad2eeb85abd37054f3e68aa0addb7641db0bdcd2f600fa5208da7583871cb4cd4034ad8407034a54160c182bca827d96ea01007025362cfb734cdd82d338a7dab9506f5f19b4c347470e7aaee39111e076e483b6309848a401e6e138be63f757c1c781c1bdfb2f0d48a532f5ae7e2eab6f130080ab5173631c92a5d70a56056d9fda0f731d70539a04ed98bf8dfe7fa6dd7c995a5d8f5ef706b6529b00005c4ffc69aff9ba7dd056fb497f4e0a40dfda046defa3ae89b78d5e9db6afc73f44229649ed29de40556a130080abd1f3a39b73c67972e54af396a0ade63835b7cd731da11bb805f9a06dc3edfa67b4cdbb7b3fec8a615c4bb715cb56fdf047a94d0000ae4bcd716be69cd541db7d82ebcd856bf709e079147e18d2ad12fb01f7a1e2b78e98a03b0574b71a2d06edf059eb7c99f97fdd8a41a94d813b3e69d0a38c32ca28a36cbf6515c4d0bcd0e6baa0ade654bb7aaddb3573b25be196eb00e84531682bfe2319f3475536f84eaf5b3608eb41647addfe2a235d26d49bc273a94c2e0f42b8f77a5d20b75a0cce945146196594dd7e99289a73a4f9466c5398ab926d5271a09ee7e4da4f79013ca7c5a00d000000603d8236000000d000411b0000006880a00d0000003440d0060000001a2068030000000d10b401000080066e2f68077ffa963f410b00b863ee77728fe6dfa76d7e27f7d25f6e06f0fc0a415bfee5fab57f89aacd5fad8afeea2400004faee28fd688d6d79be6521db8e73fbfbeea0fb3017836152bda6660581b9a9b046d6fa011cb0100684cff75c629e89a05a09af96e4b3d55472f2eb9f98f7910b8291b83b67a4d3db661060af3eedc7ba73dbde6990697fc3b7a17cefd3682d56bfdd88834c0446dc67fd23678dcc43f97fcb124650c6c00001d74c3c716f59cb5f427dc2faa67e6a1f3f1a0e7253ed5056ec705415b7de3bb4123dd26b7a21dbea30febe9322ff04e83d042787f389ebcc12b3a161db2e567b94bc7a2f719046f00c0eea939c50fc7d342cec262ccd67a3e55877909b82917056dff5d751c4ce5a0ad56c0a341c51b7c74f0f507a2f823323d302d0f4af3b148c7ee948fc584fb15032000e0feb979625a6956f3849a4fe4059dc9d67a9335db02e8c5d3066def23b08017b4e5506ce582b6d4ae3e163530653e665b3816b58d0efef6f5e2710100f641cf436a5ef0e6223d9f2c2ccc6cad67b9f9719e9708ddc02d7886a09d1f54b6056d13a6fd7af18a763e68d70d70d23e00003ba4e78e28e4bad56a7fbbd8d67a8adbce9bb7d43cc79c04f4af59d0d65f270388a9e76fe7bb24684fc7a207a2791ffa38c4405d3e9690d40705ee18a4019432ca28a38cb2db2813d9b963da5e981fc4362bea89bc474674bb663e5b9c2f0174a110b4eda0a0060b8ff9c63665a5a09dd49fcad276dd60b12d68bb30edda3b0d4729f40bfbcb1f8b70ee5581dc6a31e0534619659451f6b46559e11c91cc5bd93617ea09e279517d6dea4b0b48007a53b1a20d000000602d8236000000d000411b0000006880a00d0000003440d0060000001a2068030000000d10b401000080063607ede0775357ff8e69f33b44c5bfd4b8a0b4bf6dc7020040e7dcefe41ec57f0362cb5c0ae0692d06edf08fbd447f3ed6953f41d0764afb5b772c0000e498bf3aece6bff08fcb847f78a67ede29b5299bfe608d0edce68fd430d701b7a318b4cd5fa0f2fffad438b89cc2bf7445d00600dc173357cd41d804643777e9b9719a6b4cd972682eb799a3f6a5b77141db0bdcd2f600fa920fdafa9b395dc18ec9e1367cd73eff195a17b4fdf228c8fbab04c29fc45d15b4a53fd99ef933ee000068c23c31cd2fc2dca8cb96fe847ba94defb584de9f9913cfc7c3c58b55009e563668570d1ca374a088dfb5dbf0acb771417a1ea4fc958187e3c91bbce2768cd2c09496a52b06e14a04000011158ae3f9cfbe9694e900ade6b585059c429b4bf3ec446dcffc05dc94baa0edbda38e078524dcea41271a70ec475d2e3c07efc6a5ed2d2954af0bdaf16b2a782fafd20300f62c5ea4b19fc28ef3df148ea77951cd5f35734bbecdbaa05db30f00bd59b7a22dbcfb4ec2adb04d3168db321db4fd40ef5c18b483f6d5b165ea020030d18b406e2e1ae710377f4caf7b0b44fe3c53926b53da36a23e8d559ff0ea4f65757d4237700bf2cf68eb0121fa4656afd504ed78c0b1af6557b4c736ddbb7bff51112938af0edade3ea71f2a09ca01002853f38b9e9f74a85e9e1b6b4c6d0a6501d7be17e8abeb027856f9a06d036a30780883491a6ee3c06cda315fc741db2f8b3e5673abdb1707ed913eee71505a3b10ba6390ea51461965945176fb6515f4dc32d58de7467f1eb3752af617b659e23d32a2db3541dbad70cb7500f4a210b48df9632a6b1c18a681c67f5d9942ae09cde9eb693d7fa0d003cf54761a8e53702eed6fe958e6e3593d28b518d429a38c32ca28eba74c14cd2bc17c929627738bb8bfa5366571a09ee7e48a4755003cbbc5a07d1fbc1501b11c000000b8ae5d046dbd0250b97a000000005cc35d07ede923b6ea8f0b01000080ebd8c9a323000000c0d32268030000000d10b4010000800608da0000004003cf14b4edefd9e687140100c873bf937b34ff3e6df33bb9f94bc740fff2415bfd3545fbcd1dbac62fc9cf07edf897f30300d0976d7f7c664bbd694ed4817bfef3ebfcca5ae03654ac689b81e1a9c22f411b00d0b3f06f33d4ffe5e12df5541dbd72ed82b617b8a5ed01f46573d07681d8ffb3e9f3c758d1bb766fe53af833ebde3bf2f0cfaf7ba66da236196800004f4d07ddf02f0debf96be951c88bea9979ef7c3ce87990474680db7151d0f683b03f603c1c4fde6022d7d7db7b41db71013e7e3db73d00004f463d56e987e3e931cb85c59fadf57caa0ef32070532e0bdafea051f8384b0ac99b8236abd80080e7e402f3b4d2ace625f51848b85a9dd85a6fb2665b00bdb8f8d111ffb589f751d7e4c2a0edca5c7bd97d0300d08ab4125d58689a6cad67b9b9719e0709ddc02d6810b4d31ff0b8c68a76a8ee87480000b82a1d8ea390eb56abfded625beb29c16ab809e66a0e650e04fad72c684f3faca10786f1dd7765d0d6af2f0e3cf23165b96390daa58c32ca28a38c32a94c64e69f797b613e12dbaca827f21e19d1ed9aa05db72805e0b935797444876535c868a7e138856a3bd04c655610b8a36d72f584909ed56200a68c32ca28a3ecbecbb2c23929990bb36d2ed413c473adfadad4af7be404c0f3aa08da00000000d62268030000000d10b4010000800608da0000004003046d000000a0018236000000d000411b0000006880a00d0000003440d0060000001a2068030000000d10b4010000800608da0000004003046d000000a0018236000000d000411b0000006880a00d0000003440d0060000001a2068030000000d10b4010000800608da0000004003046d000000a0018236000000d000411b0000006880a00d00000034b018b40fa7c7e1f1d13a1f8707619ba771184eee3846a783b40d6e85baafcec707ef357b7d9ff51edbeee1789ebf4f4e07711b0000b02f55413b0c44a387e3701e0385ffba09e4a7f1ff0fc3f16c038767de360ccc4a109a0f27afec3c1c1fbc32cdb4bf2a687fef9de10ffff5d5e1bfac3ffcfacb756519bffec3bc7d6d9d1aa6ddbf1a7e2694dd9b9e83b678cf57d2819ba00d000046db82b60ac3e7f3709e02c51892d4d763d03e4cdb99401cd6955e9b9955413f5c8fdb9fe2e0b52e687fefd7ff4b87e1dffd6c5d59ad6bb4e1ec3b68f783a00d0000ae617bd01e03f0f16c83f5f8f5e9a05624a3901c876abd122ead522b6645733940af0bdabf53abcebffb9fabcbaafdecaf74d0ae59d556fbfbc3afdf31fbd5fed7f0ebefcd613de11ddb5c4731f5fcb665d1a707d36ab1ea43751dfc72ff4dd282e05307ff1ae7f6a798eb26d5cb3f76b1749cd1feb4dcfde58b8fc5b4191c874f1d933ee7a88f84d7e4a01ded8f200e00c02e5c10b40f3a54a8c07b38a9b0a142cf42d09e02871086a42023326d54056dfb5888146e8b65525b193ffb5d7d3db71fb7faad57b0fff0cef03d5b9e5bd18eb7ab13f7bfed7b1df2e2eb106f5ba0af9314664bfb33f7911f30a5fb2a0da9e5e30cdab48f33d5dc1772189e89f7bcf046303e27456a3bdc6e455f0300809bb629684f6142859b31649f7488a809da5e7dbbba3795b708da76b5d90faf26ecfe55b1ace6d18d399cd73fa3adeb78abd471482f06edb1eeaac753a4fed461747e8edeefc3a5f069144262697ff65fbfac785f4daf958e330ebe85638b98fb2f7fafc9413b3ebef87e97b671db45fb527d75a33ff4090000ea5d16b48320a4fe5f17b427761552b7d53068fb41d885db52d9aa556df7c394152bce71d0368f8c2c07edf80736ab8e510a731707ed74557752da5f93a06dcaa6edf53ea4957699da7ff266cf2b13ef5bff3cd4f90afd959c83ae33ef6b42d00600e0ee6d0eda6910894391f95a0c2c1e1d4cc6d0e102c972804ec357d6f4788810b40b655388ad0cd1d9801c9157b4e77a35ed4ccf732f3d5b2ebd71b1af9503acb77da2d0f7a5fd3509da61585696ee359979f3e0d7cd066def78d436523f24e7209c3b0000d887670eda669b3038f9a1642cbff0b78ec4e155875d1b9c4b65eaebf987140b2bc8ee1194a5e03b0a82b60bf149f05e58ad16eac9e200e95f8fb40feb82b6dd4e0c8ea5fd852be1a68df4de488fa1709c570bb0fe719ad7f43e722bceeacd83fa0d3b99f2dc39d4f42d0000b82f9b82b6bce26702c5142cc62095ac36ea15cea82c0a20266c3bd2a30069f85aa203ae13ad4e97ca722bda419dd1aa67b47d42580eb6b1e549bdf838b34cc04dfb3aedc33420e6e96dbd76e77b21b7bf917fedc7d7551ba69e7cbf98bae5e30cef1523bd2f63c2fe92f38eb609cae33714c2f649bdb47cf9380100c0addb14b49f571abe6e850ecc8b2bd1a822ad68ebd7ea9fd3de4605edd6fb000000f780a0fd8408da57243c136e56daaff138499e5e454f56c00100005255417bfac8fb597f5342f85802411be9a323ed42f6b42f7e5b080000a8b418b401000000ac47d0060000001a2068030000000d10b4010000800608da0000004003046d000000a0018236000000d000411b0000006880a00d0000003440d0060000001a2068030000000d10b4010000800608da0000004003046d000000a0018236000000d000411b0000006880a00d0000003440d0060000001a2068030000000d10b4010000800608da0000004003046d3c831f0e6ffdf2f7c33b1f7f2494ad75cdb6000000aea710b46d80f1dd5d98f9c6f0e6c7eadc3e11ca5a78eafdf5aa41d0de7d9f020080de2c07ed9ffcd07cfdee47c3db7717b609dacf835568000070ffea83f6e84b3f5121f1d3f1ff36308e41e97517c0476f7ff00dbbad0b945610a8dc0aa4f3e9f0e6bb356525b9fd99f6defee023af5dd3e6eb1f7c3a6fef9bce37d7e6d2b9cb96f7179f7b6d182ff559e93a94cacae27399cfbd740e71d928eed3e4f592a84ed25fa57ec995d9d7e36b52759ca5fd0100803dda10b455a0b181e3e34f87b7c7b0f1fa1440bcb229f8f8edb87a52902a959594f637879fb7be159749759d9a7390cedd6f4392dbd6b63f9d7bfc758e3b96427f96ce412cf3db48b9906dfad3573a8752d9f66331a43eade817b12cde77ed7196da0400007bb5fed1113f5878ab7626807d3a6de7aff026017d2c4f835aa9aca0b8bf5270525fc7e1c9aa3a87f4dc97573033fbfbd627e36be179d7b559e8b3d23914cfcf6b2311f79fa7700e6999d7cee66371a43e2df44bb1ac70bf54dd13529b000060afd6fd30e41440a47063d95095b2dbdac032bfee85c952594e717f85e0a4bfce9c47b1cdc2b92f92eb4aabc4d5e13dd767a57358ba4659717fce4ae7909679d761f3b13899ebb1e93e2bdc2f4bc7b9e5de050000776dd5a323b342d8b481c35ff9cb7101ac14dce4fd7b8afb2b0427fd7539a4c96d3e4dd036aba5ebc25ad067a57358718d4271ffcd4ae7909679ed6c3e1667f97a94eea5b0ac70bfac384e717fb6bed4779bcb000040d7ae1fb4d704511722a47d94ca02a5fd158293dd460eb4573a3f81bcbff8b84a7d5f10f4599b7330c71f066aa3700ed1b5746d986d2febcfaafad5f759780e9b8f53d8df14be85374f5bcb000040df1a046dc5d6f5f941c6170733b16cc9c2fea673b05f07ed4675e36d93b24b8361667f2e9cc5af1709c7583a3765f1fc5cddbc2980c6f50ae7300746f3ba6ea374ed178f45a8a3e8364bfd522a1bf98f88541fe7429b8aeb9bf8f54bca000040d70a411b000000c056046d000000a0018236000000d000411b00000068201bb41f1f1fb3a4ed01000000cc08da0000004003046d000000a0018236000000d000411b0000006880a00d0000003440d0060000001a2068030000000d10b4010000800608da0000004003046d000000a00182360000007075af0dff1ff0bcc18c0ce838800000000049454e44ae426082);

-- --------------------------------------------------------

--
-- Structure de la table `personnes_presentes`
--

CREATE TABLE `personnes_presentes` (
  `personne_id` int(11) NOT NULL,
  `chantier_id` int(11) DEFAULT NULL,
  `nom` varchar(255) DEFAULT NULL
) ENGINE=InnoDB DEFAULT CHARSET=utf8mb4 COLLATE=utf8mb4_general_ci;

--
-- Déchargement des données de la table `personnes_presentes`
--

INSERT INTO `personnes_presentes` (`personne_id`, `chantier_id`, `nom`) VALUES
(67, 213, 'thomas2'),
(70, 216, 'thomas2'),
(71, 217, 'thomas2'),
(72, 218, 'thomas3'),
(73, 219, 'thomas3'),
(74, 220, 'thomas3'),
(75, 221, 'thomas3'),
(76, 222, 'thomas3'),
(77, 223, 'thomas3');

-- --------------------------------------------------------

--
-- Structure de la table `protections`
--

CREATE TABLE `protections` (
  `Nom` longtext DEFAULT NULL
) ENGINE=InnoDB DEFAULT CHARSET=utf8mb4 COLLATE=utf8mb4_general_ci;

--
-- Déchargement des données de la table `protections`
--

INSERT INTO `protections` (`Nom`) VALUES
('Respecter les zones d’évolution des engins et de levage, guider les manœuvres, personnel en possession d’une autorisation de conduite\r\n'),
('Respecter les zones de levage, guider les manœuvres, personnel en possession d’une autorisation de conduite'),
('Port des EPI adaptés'),
('Neutraliser les poussières, port du masque en cas d’impossibilité (FFP2 minimum)'),
('Personnel en possession du CATEC et autorisation employeur'),
('Échafaudage, PIRL, port du harnais de sécurité, personnel habilité'),
('Garde-corps, filet de protection, port du harnais de sécurité, personnel habilité'),
('Balisage des fouilles, accès sécurisé pour piétons (balisage, passerelle, garde-corps, Héras, …), blindage des fouilles si nécessaire'),
('Balisage et blindage des fouilles, accès sécurisé pour piétons (balisage, passerelle, garde-corps, Héras, …)'),
('Repérage des réseaux, personnel avec AIPR'),
('Personnel avec habilitation électrique adéquat, demande de consignation'),
('Respecter la réglementation en vigueur, personnel habilité SS3'),
('Respecter la réglementation en vigueur, personnel habilité SS4');

-- --------------------------------------------------------

--
-- Structure de la table `reseauxaeriens`
--

CREATE TABLE `reseauxaeriens` (
  `nom` varchar(100) DEFAULT NULL
) ENGINE=InnoDB DEFAULT CHARSET=utf8mb4 COLLATE=utf8mb4_general_ci;

--
-- Déchargement des données de la table `reseauxaeriens`
--

INSERT INTO `reseauxaeriens` (`nom`) VALUES
('H.T.A'),
('B.T.'),
('Télécom/Fibre'),
('Ferroviaire/Tramway');

-- --------------------------------------------------------

--
-- Structure de la table `reseauxenterres`
--

CREATE TABLE `reseauxenterres` (
  `nom` varchar(100) DEFAULT NULL
) ENGINE=InnoDB DEFAULT CHARSET=utf8mb4 COLLATE=utf8mb4_general_ci;

--
-- Déchargement des données de la table `reseauxenterres`
--

INSERT INTO `reseauxenterres` (`nom`) VALUES
('H.T.A'),
('B.T.'),
('GAZ'),
('Télécom/Fibre'),
('A.E.P'),
('E.U.'),
('E.P.'),
('Chaleur');

-- --------------------------------------------------------

--
-- Structure de la table `signalisation`
--

CREATE TABLE `signalisation` (
  `Nom` varchar(100) DEFAULT NULL
) ENGINE=InnoDB DEFAULT CHARSET=utf8mb4 COLLATE=utf8mb4_general_ci;

--
-- Déchargement des données de la table `signalisation`
--

INSERT INTO `signalisation` (`Nom`) VALUES
('Route barrée'),
('Alternat par feux'),
('Alternat manuel'),
('Suivant arrétés de circulation\r\n');

-- --------------------------------------------------------

--
-- Structure de la table `user`
--

CREATE TABLE `user` (
  `id` int(11) NOT NULL,
  `username` varchar(100) NOT NULL,
  `type` varchar(100) NOT NULL,
  `password` varchar(100) NOT NULL
) ENGINE=InnoDB DEFAULT CHARSET=latin1 COLLATE=latin1_swedish_ci;

--
-- Déchargement des données de la table `user`
--

INSERT INTO `user` (`id`, `username`, `type`, `password`) VALUES
(12, 'DSI', 'admin', '23df316fff370809c84c02191578770c5e980684f53e2e9565e32ca48b628c58'),
(16, 'g.mongars', 'user', '2d40a2184851d8b5d629b4ebf38015b4b73b0f670b809d224b7a3ee599afc70f');

-- --------------------------------------------------------

--
-- Structure de la table `zidc`
--

CREATE TABLE `zidc` (
  `Nom` varchar(100) DEFAULT NULL
) ENGINE=InnoDB DEFAULT CHARSET=utf8mb4 COLLATE=utf8mb4_general_ci;

--
-- Déchargement des données de la table `zidc`
--

INSERT INTO `zidc` (`Nom`) VALUES
('Sur site'),
('Terrain privé'),
('Terrain communal');

--
-- Index pour les tables déchargées
--

--
-- Index pour la table `agence`
--
ALTER TABLE `agence`
  ADD PRIMARY KEY (`Id_agence`),
  ADD KEY `agence_FK` (`Id_Entreprise`);

--
-- Index pour la table `chantiers`
--
ALTER TABLE `chantiers`
  ADD PRIMARY KEY (`id`);

--
-- Index pour la table `entreprise`
--
ALTER TABLE `entreprise`
  ADD PRIMARY KEY (`Id_entreprise`);

--
-- Index pour la table `observations`
--
ALTER TABLE `observations`
  ADD PRIMARY KEY (`observation_id`),
  ADD KEY `chantier_id` (`chantier_id`);

--
-- Index pour la table `observation_images`
--
ALTER TABLE `observation_images`
  ADD PRIMARY KEY (`id`),
  ADD KEY `observation_id` (`observation_id`);

--
-- Index pour la table `personnes_presentes`
--
ALTER TABLE `personnes_presentes`
  ADD PRIMARY KEY (`personne_id`),
  ADD KEY `chantier_id` (`chantier_id`);

--
-- Index pour la table `user`
--
ALTER TABLE `user`
  ADD PRIMARY KEY (`id`);

--
-- AUTO_INCREMENT pour les tables déchargées
--

--
-- AUTO_INCREMENT pour la table `agence`
--
ALTER TABLE `agence`
  MODIFY `Id_agence` int(11) NOT NULL AUTO_INCREMENT, AUTO_INCREMENT=4;

--
-- AUTO_INCREMENT pour la table `chantiers`
--
ALTER TABLE `chantiers`
  MODIFY `id` int(11) NOT NULL AUTO_INCREMENT, AUTO_INCREMENT=224;

--
-- AUTO_INCREMENT pour la table `observations`
--
ALTER TABLE `observations`
  MODIFY `observation_id` int(11) NOT NULL AUTO_INCREMENT, AUTO_INCREMENT=203;

--
-- AUTO_INCREMENT pour la table `observation_images`
--
ALTER TABLE `observation_images`
  MODIFY `id` int(11) NOT NULL AUTO_INCREMENT, AUTO_INCREMENT=23;

--
-- AUTO_INCREMENT pour la table `personnes_presentes`
--
ALTER TABLE `personnes_presentes`
  MODIFY `personne_id` int(11) NOT NULL AUTO_INCREMENT, AUTO_INCREMENT=78;

--
-- AUTO_INCREMENT pour la table `user`
--
ALTER TABLE `user`
  MODIFY `id` int(11) NOT NULL AUTO_INCREMENT, AUTO_INCREMENT=17;

--
-- Contraintes pour les tables déchargées
--

--
-- Contraintes pour la table `observations`
--
ALTER TABLE `observations`
  ADD CONSTRAINT `observations_ibfk_1` FOREIGN KEY (`chantier_id`) REFERENCES `chantiers` (`id`);

--
-- Contraintes pour la table `observation_images`
--
ALTER TABLE `observation_images`
  ADD CONSTRAINT `observation_images_ibfk_1` FOREIGN KEY (`observation_id`) REFERENCES `observations` (`observation_id`);
COMMIT;

/*!40101 SET CHARACTER_SET_CLIENT=@OLD_CHARACTER_SET_CLIENT */;
/*!40101 SET CHARACTER_SET_RESULTS=@OLD_CHARACTER_SET_RESULTS */;
/*!40101 SET COLLATION_CONNECTION=@OLD_COLLATION_CONNECTION */;
